-- MySQL dump 10.13  Distrib 8.0.16, for Win64 (x86_64)
--
-- Host: 127.0.0.1    Database: campaign
-- ------------------------------------------------------
-- Server version	8.0.16

/*!40101 SET @OLD_CHARACTER_SET_CLIENT=@@CHARACTER_SET_CLIENT */;
/*!40101 SET @OLD_CHARACTER_SET_RESULTS=@@CHARACTER_SET_RESULTS */;
/*!40101 SET @OLD_COLLATION_CONNECTION=@@COLLATION_CONNECTION */;
 SET NAMES utf8 ;
/*!40103 SET @OLD_TIME_ZONE=@@TIME_ZONE */;
/*!40103 SET TIME_ZONE='+00:00' */;
/*!40014 SET @OLD_UNIQUE_CHECKS=@@UNIQUE_CHECKS, UNIQUE_CHECKS=0 */;
/*!40014 SET @OLD_FOREIGN_KEY_CHECKS=@@FOREIGN_KEY_CHECKS, FOREIGN_KEY_CHECKS=0 */;
/*!40101 SET @OLD_SQL_MODE=@@SQL_MODE, SQL_MODE='NO_AUTO_VALUE_ON_ZERO' */;
/*!40111 SET @OLD_SQL_NOTES=@@SQL_NOTES, SQL_NOTES=0 */;

--
-- Table structure for table `d_bridge`
--

DROP TABLE IF EXISTS `d_bridge`;
/*!40101 SET @saved_cs_client     = @@character_set_client */;
 SET character_set_client = utf8mb4 ;
CREATE TABLE `d_bridge` (
  `id_bridge` int(11) NOT NULL AUTO_INCREMENT,
  `id_shopping_center` int(11) NOT NULL,
  `id_date` int(11) NOT NULL,
  PRIMARY KEY (`id_bridge`),
  KEY `id_shopping_center_idx` (`id_shopping_center`),
  KEY `id_date_idx` (`id_date`),
  CONSTRAINT `id_date` FOREIGN KEY (`id_date`) REFERENCES `d_date` (`id_date`),
  CONSTRAINT `id_shopping_center` FOREIGN KEY (`id_shopping_center`) REFERENCES `d_shopping_center` (`id_shopping_center`)
) ENGINE=InnoDB AUTO_INCREMENT=2197 DEFAULT CHARSET=utf8;
/*!40101 SET character_set_client = @saved_cs_client */;

--
-- Dumping data for table `d_bridge`
--

LOCK TABLES `d_bridge` WRITE;
/*!40000 ALTER TABLE `d_bridge` DISABLE KEYS */;
INSERT INTO `d_bridge` VALUES (1,1,1),(2,2,1),(3,3,1),(4,4,1),(5,5,1),(6,6,1),(7,1,2),(8,2,2),(9,3,2),(10,4,2),(11,5,2),(12,6,2),(13,1,3),(14,2,3),(15,3,3),(16,4,3),(17,5,3),(18,6,3),(19,1,4),(20,2,4),(21,3,4),(22,4,4),(23,5,4),(24,6,4),(25,1,5),(26,2,5),(27,3,5),(28,4,5),(29,5,5),(30,6,5),(31,1,6),(32,2,6),(33,3,6),(34,4,6),(35,5,6),(36,6,6),(37,1,7),(38,2,7),(39,3,7),(40,4,7),(41,5,7),(42,6,7),(43,1,8),(44,2,8),(45,3,8),(46,4,8),(47,5,8),(48,6,8),(49,1,9),(50,2,9),(51,3,9),(52,4,9),(53,5,9),(54,6,9),(55,1,10),(56,2,10),(57,3,10),(58,4,10),(59,5,10),(60,6,10),(61,1,11),(62,2,11),(63,3,11),(64,4,11),(65,5,11),(66,6,11),(67,1,12),(68,2,12),(69,3,12),(70,4,12),(71,5,12),(72,6,12),(73,1,13),(74,2,13),(75,3,13),(76,4,13),(77,5,13),(78,6,13),(79,1,14),(80,2,14),(81,3,14),(82,4,14),(83,5,14),(84,6,14),(85,1,15),(86,2,15),(87,3,15),(88,4,15),(89,5,15),(90,6,15),(91,1,16),(92,2,16),(93,3,16),(94,4,16),(95,5,16),(96,6,16),(97,1,17),(98,2,17),(99,3,17),(100,4,17),(101,5,17),(102,6,17),(103,1,18),(104,2,18),(105,3,18),(106,4,18),(107,5,18),(108,6,18),(109,1,19),(110,2,19),(111,3,19),(112,4,19),(113,5,19),(114,6,19),(115,1,20),(116,2,20),(117,3,20),(118,4,20),(119,5,20),(120,6,20),(121,1,21),(122,2,21),(123,3,21),(124,4,21),(125,5,21),(126,6,21),(127,1,22),(128,2,22),(129,3,22),(130,4,22),(131,5,22),(132,6,22),(133,1,23),(134,2,23),(135,3,23),(136,4,23),(137,5,23),(138,6,23),(139,1,24),(140,2,24),(141,3,24),(142,4,24),(143,5,24),(144,6,24),(145,1,25),(146,2,25),(147,3,25),(148,4,25),(149,5,25),(150,6,25),(151,1,26),(152,2,26),(153,3,26),(154,4,26),(155,5,26),(156,6,26),(157,1,27),(158,2,27),(159,3,27),(160,4,27),(161,5,27),(162,6,27),(163,1,28),(164,2,28),(165,3,28),(166,4,28),(167,5,28),(168,6,28),(169,1,29),(170,2,29),(171,3,29),(172,4,29),(173,5,29),(174,6,29),(175,1,30),(176,2,30),(177,3,30),(178,4,30),(179,5,30),(180,6,30),(181,1,31),(182,2,31),(183,3,31),(184,4,31),(185,5,31),(186,6,31),(187,1,32),(188,2,32),(189,3,32),(190,4,32),(191,5,32),(192,6,32),(193,1,33),(194,2,33),(195,3,33),(196,4,33),(197,5,33),(198,6,33),(199,1,34),(200,2,34),(201,3,34),(202,4,34),(203,5,34),(204,6,34),(205,1,35),(206,2,35),(207,3,35),(208,4,35),(209,5,35),(210,6,35),(211,1,36),(212,2,36),(213,3,36),(214,4,36),(215,5,36),(216,6,36),(217,1,37),(218,2,37),(219,3,37),(220,4,37),(221,5,37),(222,6,37),(223,1,38),(224,2,38),(225,3,38),(226,4,38),(227,5,38),(228,6,38),(229,1,39),(230,2,39),(231,3,39),(232,4,39),(233,5,39),(234,6,39),(235,1,40),(236,2,40),(237,3,40),(238,4,40),(239,5,40),(240,6,40),(241,1,41),(242,2,41),(243,3,41),(244,4,41),(245,5,41),(246,6,41),(247,1,42),(248,2,42),(249,3,42),(250,4,42),(251,5,42),(252,6,42),(253,1,43),(254,2,43),(255,3,43),(256,4,43),(257,5,43),(258,6,43),(259,1,44),(260,2,44),(261,3,44),(262,4,44),(263,5,44),(264,6,44),(265,1,45),(266,2,45),(267,3,45),(268,4,45),(269,5,45),(270,6,45),(271,1,46),(272,2,46),(273,3,46),(274,4,46),(275,5,46),(276,6,46),(277,1,47),(278,2,47),(279,3,47),(280,4,47),(281,5,47),(282,6,47),(283,1,48),(284,2,48),(285,3,48),(286,4,48),(287,5,48),(288,6,48),(289,1,49),(290,2,49),(291,3,49),(292,4,49),(293,5,49),(294,6,49),(295,1,50),(296,2,50),(297,3,50),(298,4,50),(299,5,50),(300,6,50),(301,1,51),(302,2,51),(303,3,51),(304,4,51),(305,5,51),(306,6,51),(307,1,52),(308,2,52),(309,3,52),(310,4,52),(311,5,52),(312,6,52),(313,1,53),(314,2,53),(315,3,53),(316,4,53),(317,5,53),(318,6,53),(319,1,54),(320,2,54),(321,3,54),(322,4,54),(323,5,54),(324,6,54),(325,1,55),(326,2,55),(327,3,55),(328,4,55),(329,5,55),(330,6,55),(331,1,56),(332,2,56),(333,3,56),(334,4,56),(335,5,56),(336,6,56),(337,1,57),(338,2,57),(339,3,57),(340,4,57),(341,5,57),(342,6,57),(343,1,58),(344,2,58),(345,3,58),(346,4,58),(347,5,58),(348,6,58),(349,1,59),(350,2,59),(351,3,59),(352,4,59),(353,5,59),(354,6,59),(355,1,60),(356,2,60),(357,3,60),(358,4,60),(359,5,60),(360,6,60),(361,1,61),(362,2,61),(363,3,61),(364,4,61),(365,5,61),(366,6,61),(367,1,62),(368,2,62),(369,3,62),(370,4,62),(371,5,62),(372,6,62),(373,1,63),(374,2,63),(375,3,63),(376,4,63),(377,5,63),(378,6,63),(379,1,64),(380,2,64),(381,3,64),(382,4,64),(383,5,64),(384,6,64),(385,1,65),(386,2,65),(387,3,65),(388,4,65),(389,5,65),(390,6,65),(391,1,66),(392,2,66),(393,3,66),(394,4,66),(395,5,66),(396,6,66),(397,1,67),(398,2,67),(399,3,67),(400,4,67),(401,5,67),(402,6,67),(403,1,68),(404,2,68),(405,3,68),(406,4,68),(407,5,68),(408,6,68),(409,1,69),(410,2,69),(411,3,69),(412,4,69),(413,5,69),(414,6,69),(415,1,70),(416,2,70),(417,3,70),(418,4,70),(419,5,70),(420,6,70),(421,1,71),(422,2,71),(423,3,71),(424,4,71),(425,5,71),(426,6,71),(427,1,72),(428,2,72),(429,3,72),(430,4,72),(431,5,72),(432,6,72),(433,1,73),(434,2,73),(435,3,73),(436,4,73),(437,5,73),(438,6,73),(439,1,74),(440,2,74),(441,3,74),(442,4,74),(443,5,74),(444,6,74),(445,1,75),(446,2,75),(447,3,75),(448,4,75),(449,5,75),(450,6,75),(451,1,76),(452,2,76),(453,3,76),(454,4,76),(455,5,76),(456,6,76),(457,1,77),(458,2,77),(459,3,77),(460,4,77),(461,5,77),(462,6,77),(463,1,78),(464,2,78),(465,3,78),(466,4,78),(467,5,78),(468,6,78),(469,1,79),(470,2,79),(471,3,79),(472,4,79),(473,5,79),(474,6,79),(475,1,80),(476,2,80),(477,3,80),(478,4,80),(479,5,80),(480,6,80),(481,1,81),(482,2,81),(483,3,81),(484,4,81),(485,5,81),(486,6,81),(487,1,82),(488,2,82),(489,3,82),(490,4,82),(491,5,82),(492,6,82),(493,1,83),(494,2,83),(495,3,83),(496,4,83),(497,5,83),(498,6,83),(499,1,84),(500,2,84),(501,3,84),(502,4,84),(503,5,84),(504,6,84),(505,1,85),(506,2,85),(507,3,85),(508,4,85),(509,5,85),(510,6,85),(511,1,86),(512,2,86),(513,3,86),(514,4,86),(515,5,86),(516,6,86),(517,1,87),(518,2,87),(519,3,87),(520,4,87),(521,5,87),(522,6,87),(523,1,88),(524,2,88),(525,3,88),(526,4,88),(527,5,88),(528,6,88),(529,1,89),(530,2,89),(531,3,89),(532,4,89),(533,5,89),(534,6,89),(535,1,90),(536,2,90),(537,3,90),(538,4,90),(539,5,90),(540,6,90),(541,1,91),(542,2,91),(543,3,91),(544,4,91),(545,5,91),(546,6,91),(547,1,92),(548,2,92),(549,3,92),(550,4,92),(551,5,92),(552,6,92),(553,1,93),(554,2,93),(555,3,93),(556,4,93),(557,5,93),(558,6,93),(559,1,94),(560,2,94),(561,3,94),(562,4,94),(563,5,94),(564,6,94),(565,1,95),(566,2,95),(567,3,95),(568,4,95),(569,5,95),(570,6,95),(571,1,96),(572,2,96),(573,3,96),(574,4,96),(575,5,96),(576,6,96),(577,1,97),(578,2,97),(579,3,97),(580,4,97),(581,5,97),(582,6,97),(583,1,98),(584,2,98),(585,3,98),(586,4,98),(587,5,98),(588,6,98),(589,1,99),(590,2,99),(591,3,99),(592,4,99),(593,5,99),(594,6,99),(595,1,100),(596,2,100),(597,3,100),(598,4,100),(599,5,100),(600,6,100),(601,1,101),(602,2,101),(603,3,101),(604,4,101),(605,5,101),(606,6,101),(607,1,102),(608,2,102),(609,3,102),(610,4,102),(611,5,102),(612,6,102),(613,1,103),(614,2,103),(615,3,103),(616,4,103),(617,5,103),(618,6,103),(619,1,104),(620,2,104),(621,3,104),(622,4,104),(623,5,104),(624,6,104),(625,1,105),(626,2,105),(627,3,105),(628,4,105),(629,5,105),(630,6,105),(631,1,106),(632,2,106),(633,3,106),(634,4,106),(635,5,106),(636,6,106),(637,1,107),(638,2,107),(639,3,107),(640,4,107),(641,5,107),(642,6,107),(643,1,108),(644,2,108),(645,3,108),(646,4,108),(647,5,108),(648,6,108),(649,1,109),(650,2,109),(651,3,109),(652,4,109),(653,5,109),(654,6,109),(655,1,110),(656,2,110),(657,3,110),(658,4,110),(659,5,110),(660,6,110),(661,1,111),(662,2,111),(663,3,111),(664,4,111),(665,5,111),(666,6,111),(667,1,112),(668,2,112),(669,3,112),(670,4,112),(671,5,112),(672,6,112),(673,1,113),(674,2,113),(675,3,113),(676,4,113),(677,5,113),(678,6,113),(679,1,114),(680,2,114),(681,3,114),(682,4,114),(683,5,114),(684,6,114),(685,1,115),(686,2,115),(687,3,115),(688,4,115),(689,5,115),(690,6,115),(691,1,116),(692,2,116),(693,3,116),(694,4,116),(695,5,116),(696,6,116),(697,1,117),(698,2,117),(699,3,117),(700,4,117),(701,5,117),(702,6,117),(703,1,118),(704,2,118),(705,3,118),(706,4,118),(707,5,118),(708,6,118),(709,1,119),(710,2,119),(711,3,119),(712,4,119),(713,5,119),(714,6,119),(715,1,120),(716,2,120),(717,3,120),(718,4,120),(719,5,120),(720,6,120),(721,1,121),(722,2,121),(723,3,121),(724,4,121),(725,5,121),(726,6,121),(727,1,122),(728,2,122),(729,3,122),(730,4,122),(731,5,122),(732,6,122),(733,1,123),(734,2,123),(735,3,123),(736,4,123),(737,5,123),(738,6,123),(739,1,124),(740,2,124),(741,3,124),(742,4,124),(743,5,124),(744,6,124),(745,1,125),(746,2,125),(747,3,125),(748,4,125),(749,5,125),(750,6,125),(751,1,126),(752,2,126),(753,3,126),(754,4,126),(755,5,126),(756,6,126),(757,1,127),(758,2,127),(759,3,127),(760,4,127),(761,5,127),(762,6,127),(763,1,128),(764,2,128),(765,3,128),(766,4,128),(767,5,128),(768,6,128),(769,1,129),(770,2,129),(771,3,129),(772,4,129),(773,5,129),(774,6,129),(775,1,130),(776,2,130),(777,3,130),(778,4,130),(779,5,130),(780,6,130),(781,1,131),(782,2,131),(783,3,131),(784,4,131),(785,5,131),(786,6,131),(787,1,132),(788,2,132),(789,3,132),(790,4,132),(791,5,132),(792,6,132),(793,1,133),(794,2,133),(795,3,133),(796,4,133),(797,5,133),(798,6,133),(799,1,134),(800,2,134),(801,3,134),(802,4,134),(803,5,134),(804,6,134),(805,1,135),(806,2,135),(807,3,135),(808,4,135),(809,5,135),(810,6,135),(811,1,136),(812,2,136),(813,3,136),(814,4,136),(815,5,136),(816,6,136),(817,1,137),(818,2,137),(819,3,137),(820,4,137),(821,5,137),(822,6,137),(823,1,138),(824,2,138),(825,3,138),(826,4,138),(827,5,138),(828,6,138),(829,1,139),(830,2,139),(831,3,139),(832,4,139),(833,5,139),(834,6,139),(835,1,140),(836,2,140),(837,3,140),(838,4,140),(839,5,140),(840,6,140),(841,1,141),(842,2,141),(843,3,141),(844,4,141),(845,5,141),(846,6,141),(847,1,142),(848,2,142),(849,3,142),(850,4,142),(851,5,142),(852,6,142),(853,1,143),(854,2,143),(855,3,143),(856,4,143),(857,5,143),(858,6,143),(859,1,144),(860,2,144),(861,3,144),(862,4,144),(863,5,144),(864,6,144),(865,1,145),(866,2,145),(867,3,145),(868,4,145),(869,5,145),(870,6,145),(871,1,146),(872,2,146),(873,3,146),(874,4,146),(875,5,146),(876,6,146),(877,1,147),(878,2,147),(879,3,147),(880,4,147),(881,5,147),(882,6,147),(883,1,148),(884,2,148),(885,3,148),(886,4,148),(887,5,148),(888,6,148),(889,1,149),(890,2,149),(891,3,149),(892,4,149),(893,5,149),(894,6,149),(895,1,150),(896,2,150),(897,3,150),(898,4,150),(899,5,150),(900,6,150),(901,1,151),(902,2,151),(903,3,151),(904,4,151),(905,5,151),(906,6,151),(907,1,152),(908,2,152),(909,3,152),(910,4,152),(911,5,152),(912,6,152),(913,1,153),(914,2,153),(915,3,153),(916,4,153),(917,5,153),(918,6,153),(919,1,154),(920,2,154),(921,3,154),(922,4,154),(923,5,154),(924,6,154),(925,1,155),(926,2,155),(927,3,155),(928,4,155),(929,5,155),(930,6,155),(931,1,156),(932,2,156),(933,3,156),(934,4,156),(935,5,156),(936,6,156),(937,1,157),(938,2,157),(939,3,157),(940,4,157),(941,5,157),(942,6,157),(943,1,158),(944,2,158),(945,3,158),(946,4,158),(947,5,158),(948,6,158),(949,1,159),(950,2,159),(951,3,159),(952,4,159),(953,5,159),(954,6,159),(955,1,160),(956,2,160),(957,3,160),(958,4,160),(959,5,160),(960,6,160),(961,1,161),(962,2,161),(963,3,161),(964,4,161),(965,5,161),(966,6,161),(967,1,162),(968,2,162),(969,3,162),(970,4,162),(971,5,162),(972,6,162),(973,1,163),(974,2,163),(975,3,163),(976,4,163),(977,5,163),(978,6,163),(979,1,164),(980,2,164),(981,3,164),(982,4,164),(983,5,164),(984,6,164),(985,1,165),(986,2,165),(987,3,165),(988,4,165),(989,5,165),(990,6,165),(991,1,166),(992,2,166),(993,3,166),(994,4,166),(995,5,166),(996,6,166),(997,1,167),(998,2,167),(999,3,167),(1000,4,167),(1001,5,167),(1002,6,167),(1003,1,168),(1004,2,168),(1005,3,168),(1006,4,168),(1007,5,168),(1008,6,168),(1009,1,169),(1010,2,169),(1011,3,169),(1012,4,169),(1013,5,169),(1014,6,169),(1015,1,170),(1016,2,170),(1017,3,170),(1018,4,170),(1019,5,170),(1020,6,170),(1021,1,171),(1022,2,171),(1023,3,171),(1024,4,171),(1025,5,171),(1026,6,171),(1027,1,172),(1028,2,172),(1029,3,172),(1030,4,172),(1031,5,172),(1032,6,172),(1033,1,173),(1034,2,173),(1035,3,173),(1036,4,173),(1037,5,173),(1038,6,173),(1039,1,174),(1040,2,174),(1041,3,174),(1042,4,174),(1043,5,174),(1044,6,174),(1045,1,175),(1046,2,175),(1047,3,175),(1048,4,175),(1049,5,175),(1050,6,175),(1051,1,176),(1052,2,176),(1053,3,176),(1054,4,176),(1055,5,176),(1056,6,176),(1057,1,177),(1058,2,177),(1059,3,177),(1060,4,177),(1061,5,177),(1062,6,177),(1063,1,178),(1064,2,178),(1065,3,178),(1066,4,178),(1067,5,178),(1068,6,178),(1069,1,179),(1070,2,179),(1071,3,179),(1072,4,179),(1073,5,179),(1074,6,179),(1075,1,180),(1076,2,180),(1077,3,180),(1078,4,180),(1079,5,180),(1080,6,180),(1081,1,181),(1082,2,181),(1083,3,181),(1084,4,181),(1085,5,181),(1086,6,181),(1087,1,182),(1088,2,182),(1089,3,182),(1090,4,182),(1091,5,182),(1092,6,182),(1093,1,183),(1094,2,183),(1095,3,183),(1096,4,183),(1097,5,183),(1098,6,183),(1099,1,184),(1100,2,184),(1101,3,184),(1102,4,184),(1103,5,184),(1104,6,184),(1105,1,185),(1106,2,185),(1107,3,185),(1108,4,185),(1109,5,185),(1110,6,185),(1111,1,186),(1112,2,186),(1113,3,186),(1114,4,186),(1115,5,186),(1116,6,186),(1117,1,187),(1118,2,187),(1119,3,187),(1120,4,187),(1121,5,187),(1122,6,187),(1123,1,188),(1124,2,188),(1125,3,188),(1126,4,188),(1127,5,188),(1128,6,188),(1129,1,189),(1130,2,189),(1131,3,189),(1132,4,189),(1133,5,189),(1134,6,189),(1135,1,190),(1136,2,190),(1137,3,190),(1138,4,190),(1139,5,190),(1140,6,190),(1141,1,191),(1142,2,191),(1143,3,191),(1144,4,191),(1145,5,191),(1146,6,191),(1147,1,192),(1148,2,192),(1149,3,192),(1150,4,192),(1151,5,192),(1152,6,192),(1153,1,193),(1154,2,193),(1155,3,193),(1156,4,193),(1157,5,193),(1158,6,193),(1159,1,194),(1160,2,194),(1161,3,194),(1162,4,194),(1163,5,194),(1164,6,194),(1165,1,195),(1166,2,195),(1167,3,195),(1168,4,195),(1169,5,195),(1170,6,195),(1171,1,196),(1172,2,196),(1173,3,196),(1174,4,196),(1175,5,196),(1176,6,196),(1177,1,197),(1178,2,197),(1179,3,197),(1180,4,197),(1181,5,197),(1182,6,197),(1183,1,198),(1184,2,198),(1185,3,198),(1186,4,198),(1187,5,198),(1188,6,198),(1189,1,199),(1190,2,199),(1191,3,199),(1192,4,199),(1193,5,199),(1194,6,199),(1195,1,200),(1196,2,200),(1197,3,200),(1198,4,200),(1199,5,200),(1200,6,200),(1201,1,201),(1202,2,201),(1203,3,201),(1204,4,201),(1205,5,201),(1206,6,201),(1207,1,202),(1208,2,202),(1209,3,202),(1210,4,202),(1211,5,202),(1212,6,202),(1213,1,203),(1214,2,203),(1215,3,203),(1216,4,203),(1217,5,203),(1218,6,203),(1219,1,204),(1220,2,204),(1221,3,204),(1222,4,204),(1223,5,204),(1224,6,204),(1225,1,205),(1226,2,205),(1227,3,205),(1228,4,205),(1229,5,205),(1230,6,205),(1231,1,206),(1232,2,206),(1233,3,206),(1234,4,206),(1235,5,206),(1236,6,206),(1237,1,207),(1238,2,207),(1239,3,207),(1240,4,207),(1241,5,207),(1242,6,207),(1243,1,208),(1244,2,208),(1245,3,208),(1246,4,208),(1247,5,208),(1248,6,208),(1249,1,209),(1250,2,209),(1251,3,209),(1252,4,209),(1253,5,209),(1254,6,209),(1255,1,210),(1256,2,210),(1257,3,210),(1258,4,210),(1259,5,210),(1260,6,210),(1261,1,211),(1262,2,211),(1263,3,211),(1264,4,211),(1265,5,211),(1266,6,211),(1267,1,212),(1268,2,212),(1269,3,212),(1270,4,212),(1271,5,212),(1272,6,212),(1273,1,213),(1274,2,213),(1275,3,213),(1276,4,213),(1277,5,213),(1278,6,213),(1279,1,214),(1280,2,214),(1281,3,214),(1282,4,214),(1283,5,214),(1284,6,214),(1285,1,215),(1286,2,215),(1287,3,215),(1288,4,215),(1289,5,215),(1290,6,215),(1291,1,216),(1292,2,216),(1293,3,216),(1294,4,216),(1295,5,216),(1296,6,216),(1297,1,217),(1298,2,217),(1299,3,217),(1300,4,217),(1301,5,217),(1302,6,217),(1303,1,218),(1304,2,218),(1305,3,218),(1306,4,218),(1307,5,218),(1308,6,218),(1309,1,219),(1310,2,219),(1311,3,219),(1312,4,219),(1313,5,219),(1314,6,219),(1315,1,220),(1316,2,220),(1317,3,220),(1318,4,220),(1319,5,220),(1320,6,220),(1321,1,221),(1322,2,221),(1323,3,221),(1324,4,221),(1325,5,221),(1326,6,221),(1327,1,222),(1328,2,222),(1329,3,222),(1330,4,222),(1331,5,222),(1332,6,222),(1333,1,223),(1334,2,223),(1335,3,223),(1336,4,223),(1337,5,223),(1338,6,223),(1339,1,224),(1340,2,224),(1341,3,224),(1342,4,224),(1343,5,224),(1344,6,224),(1345,1,225),(1346,2,225),(1347,3,225),(1348,4,225),(1349,5,225),(1350,6,225),(1351,1,226),(1352,2,226),(1353,3,226),(1354,4,226),(1355,5,226),(1356,6,226),(1357,1,227),(1358,2,227),(1359,3,227),(1360,4,227),(1361,5,227),(1362,6,227),(1363,1,228),(1364,2,228),(1365,3,228),(1366,4,228),(1367,5,228),(1368,6,228),(1369,1,229),(1370,2,229),(1371,3,229),(1372,4,229),(1373,5,229),(1374,6,229),(1375,1,230),(1376,2,230),(1377,3,230),(1378,4,230),(1379,5,230),(1380,6,230),(1381,1,231),(1382,2,231),(1383,3,231),(1384,4,231),(1385,5,231),(1386,6,231),(1387,1,232),(1388,2,232),(1389,3,232),(1390,4,232),(1391,5,232),(1392,6,232),(1393,1,233),(1394,2,233),(1395,3,233),(1396,4,233),(1397,5,233),(1398,6,233),(1399,1,234),(1400,2,234),(1401,3,234),(1402,4,234),(1403,5,234),(1404,6,234),(1405,1,235),(1406,2,235),(1407,3,235),(1408,4,235),(1409,5,235),(1410,6,235),(1411,1,236),(1412,2,236),(1413,3,236),(1414,4,236),(1415,5,236),(1416,6,236),(1417,1,237),(1418,2,237),(1419,3,237),(1420,4,237),(1421,5,237),(1422,6,237),(1423,1,238),(1424,2,238),(1425,3,238),(1426,4,238),(1427,5,238),(1428,6,238),(1429,1,239),(1430,2,239),(1431,3,239),(1432,4,239),(1433,5,239),(1434,6,239),(1435,1,240),(1436,2,240),(1437,3,240),(1438,4,240),(1439,5,240),(1440,6,240),(1441,1,241),(1442,2,241),(1443,3,241),(1444,4,241),(1445,5,241),(1446,6,241),(1447,1,242),(1448,2,242),(1449,3,242),(1450,4,242),(1451,5,242),(1452,6,242),(1453,1,243),(1454,2,243),(1455,3,243),(1456,4,243),(1457,5,243),(1458,6,243),(1459,1,244),(1460,2,244),(1461,3,244),(1462,4,244),(1463,5,244),(1464,6,244),(1465,1,245),(1466,2,245),(1467,3,245),(1468,4,245),(1469,5,245),(1470,6,245),(1471,1,246),(1472,2,246),(1473,3,246),(1474,4,246),(1475,5,246),(1476,6,246),(1477,1,247),(1478,2,247),(1479,3,247),(1480,4,247),(1481,5,247),(1482,6,247),(1483,1,248),(1484,2,248),(1485,3,248),(1486,4,248),(1487,5,248),(1488,6,248),(1489,1,249),(1490,2,249),(1491,3,249),(1492,4,249),(1493,5,249),(1494,6,249),(1495,1,250),(1496,2,250),(1497,3,250),(1498,4,250),(1499,5,250),(1500,6,250),(1501,1,251),(1502,2,251),(1503,3,251),(1504,4,251),(1505,5,251),(1506,6,251),(1507,1,252),(1508,2,252),(1509,3,252),(1510,4,252),(1511,5,252),(1512,6,252),(1513,1,253),(1514,2,253),(1515,3,253),(1516,4,253),(1517,5,253),(1518,6,253),(1519,1,254),(1520,2,254),(1521,3,254),(1522,4,254),(1523,5,254),(1524,6,254),(1525,1,255),(1526,2,255),(1527,3,255),(1528,4,255),(1529,5,255),(1530,6,255),(1531,1,256),(1532,2,256),(1533,3,256),(1534,4,256),(1535,5,256),(1536,6,256),(1537,1,257),(1538,2,257),(1539,3,257),(1540,4,257),(1541,5,257),(1542,6,257),(1543,1,258),(1544,2,258),(1545,3,258),(1546,4,258),(1547,5,258),(1548,6,258),(1549,1,259),(1550,2,259),(1551,3,259),(1552,4,259),(1553,5,259),(1554,6,259),(1555,1,260),(1556,2,260),(1557,3,260),(1558,4,260),(1559,5,260),(1560,6,260),(1561,1,261),(1562,2,261),(1563,3,261),(1564,4,261),(1565,5,261),(1566,6,261),(1567,1,262),(1568,2,262),(1569,3,262),(1570,4,262),(1571,5,262),(1572,6,262),(1573,1,263),(1574,2,263),(1575,3,263),(1576,4,263),(1577,5,263),(1578,6,263),(1579,1,264),(1580,2,264),(1581,3,264),(1582,4,264),(1583,5,264),(1584,6,264),(1585,1,265),(1586,2,265),(1587,3,265),(1588,4,265),(1589,5,265),(1590,6,265),(1591,1,266),(1592,2,266),(1593,3,266),(1594,4,266),(1595,5,266),(1596,6,266),(1597,1,267),(1598,2,267),(1599,3,267),(1600,4,267),(1601,5,267),(1602,6,267),(1603,1,268),(1604,2,268),(1605,3,268),(1606,4,268),(1607,5,268),(1608,6,268),(1609,1,269),(1610,2,269),(1611,3,269),(1612,4,269),(1613,5,269),(1614,6,269),(1615,1,270),(1616,2,270),(1617,3,270),(1618,4,270),(1619,5,270),(1620,6,270),(1621,1,271),(1622,2,271),(1623,3,271),(1624,4,271),(1625,5,271),(1626,6,271),(1627,1,272),(1628,2,272),(1629,3,272),(1630,4,272),(1631,5,272),(1632,6,272),(1633,1,273),(1634,2,273),(1635,3,273),(1636,4,273),(1637,5,273),(1638,6,273),(1639,1,274),(1640,2,274),(1641,3,274),(1642,4,274),(1643,5,274),(1644,6,274),(1645,1,275),(1646,2,275),(1647,3,275),(1648,4,275),(1649,5,275),(1650,6,275),(1651,1,276),(1652,2,276),(1653,3,276),(1654,4,276),(1655,5,276),(1656,6,276),(1657,1,277),(1658,2,277),(1659,3,277),(1660,4,277),(1661,5,277),(1662,6,277),(1663,1,278),(1664,2,278),(1665,3,278),(1666,4,278),(1667,5,278),(1668,6,278),(1669,1,279),(1670,2,279),(1671,3,279),(1672,4,279),(1673,5,279),(1674,6,279),(1675,1,280),(1676,2,280),(1677,3,280),(1678,4,280),(1679,5,280),(1680,6,280),(1681,1,281),(1682,2,281),(1683,3,281),(1684,4,281),(1685,5,281),(1686,6,281),(1687,1,282),(1688,2,282),(1689,3,282),(1690,4,282),(1691,5,282),(1692,6,282),(1693,1,283),(1694,2,283),(1695,3,283),(1696,4,283),(1697,5,283),(1698,6,283),(1699,1,284),(1700,2,284),(1701,3,284),(1702,4,284),(1703,5,284),(1704,6,284),(1705,1,285),(1706,2,285),(1707,3,285),(1708,4,285),(1709,5,285),(1710,6,285),(1711,1,286),(1712,2,286),(1713,3,286),(1714,4,286),(1715,5,286),(1716,6,286),(1717,1,287),(1718,2,287),(1719,3,287),(1720,4,287),(1721,5,287),(1722,6,287),(1723,1,288),(1724,2,288),(1725,3,288),(1726,4,288),(1727,5,288),(1728,6,288),(1729,1,289),(1730,2,289),(1731,3,289),(1732,4,289),(1733,5,289),(1734,6,289),(1735,1,290),(1736,2,290),(1737,3,290),(1738,4,290),(1739,5,290),(1740,6,290),(1741,1,291),(1742,2,291),(1743,3,291),(1744,4,291),(1745,5,291),(1746,6,291),(1747,1,292),(1748,2,292),(1749,3,292),(1750,4,292),(1751,5,292),(1752,6,292),(1753,1,293),(1754,2,293),(1755,3,293),(1756,4,293),(1757,5,293),(1758,6,293),(1759,1,294),(1760,2,294),(1761,3,294),(1762,4,294),(1763,5,294),(1764,6,294),(1765,1,295),(1766,2,295),(1767,3,295),(1768,4,295),(1769,5,295),(1770,6,295),(1771,1,296),(1772,2,296),(1773,3,296),(1774,4,296),(1775,5,296),(1776,6,296),(1777,1,297),(1778,2,297),(1779,3,297),(1780,4,297),(1781,5,297),(1782,6,297),(1783,1,298),(1784,2,298),(1785,3,298),(1786,4,298),(1787,5,298),(1788,6,298),(1789,1,299),(1790,2,299),(1791,3,299),(1792,4,299),(1793,5,299),(1794,6,299),(1795,1,300),(1796,2,300),(1797,3,300),(1798,4,300),(1799,5,300),(1800,6,300),(1801,1,301),(1802,2,301),(1803,3,301),(1804,4,301),(1805,5,301),(1806,6,301),(1807,1,302),(1808,2,302),(1809,3,302),(1810,4,302),(1811,5,302),(1812,6,302),(1813,1,303),(1814,2,303),(1815,3,303),(1816,4,303),(1817,5,303),(1818,6,303),(1819,1,304),(1820,2,304),(1821,3,304),(1822,4,304),(1823,5,304),(1824,6,304),(1825,1,305),(1826,2,305),(1827,3,305),(1828,4,305),(1829,5,305),(1830,6,305),(1831,1,306),(1832,2,306),(1833,3,306),(1834,4,306),(1835,5,306),(1836,6,306),(1837,1,307),(1838,2,307),(1839,3,307),(1840,4,307),(1841,5,307),(1842,6,307),(1843,1,308),(1844,2,308),(1845,3,308),(1846,4,308),(1847,5,308),(1848,6,308),(1849,1,309),(1850,2,309),(1851,3,309),(1852,4,309),(1853,5,309),(1854,6,309),(1855,1,310),(1856,2,310),(1857,3,310),(1858,4,310),(1859,5,310),(1860,6,310),(1861,1,311),(1862,2,311),(1863,3,311),(1864,4,311),(1865,5,311),(1866,6,311),(1867,1,312),(1868,2,312),(1869,3,312),(1870,4,312),(1871,5,312),(1872,6,312),(1873,1,313),(1874,2,313),(1875,3,313),(1876,4,313),(1877,5,313),(1878,6,313),(1879,1,314),(1880,2,314),(1881,3,314),(1882,4,314),(1883,5,314),(1884,6,314),(1885,1,315),(1886,2,315),(1887,3,315),(1888,4,315),(1889,5,315),(1890,6,315),(1891,1,316),(1892,2,316),(1893,3,316),(1894,4,316),(1895,5,316),(1896,6,316),(1897,1,317),(1898,2,317),(1899,3,317),(1900,4,317),(1901,5,317),(1902,6,317),(1903,1,318),(1904,2,318),(1905,3,318),(1906,4,318),(1907,5,318),(1908,6,318),(1909,1,319),(1910,2,319),(1911,3,319),(1912,4,319),(1913,5,319),(1914,6,319),(1915,1,320),(1916,2,320),(1917,3,320),(1918,4,320),(1919,5,320),(1920,6,320),(1921,1,321),(1922,2,321),(1923,3,321),(1924,4,321),(1925,5,321),(1926,6,321),(1927,1,322),(1928,2,322),(1929,3,322),(1930,4,322),(1931,5,322),(1932,6,322),(1933,1,323),(1934,2,323),(1935,3,323),(1936,4,323),(1937,5,323),(1938,6,323),(1939,1,324),(1940,2,324),(1941,3,324),(1942,4,324),(1943,5,324),(1944,6,324),(1945,1,325),(1946,2,325),(1947,3,325),(1948,4,325),(1949,5,325),(1950,6,325),(1951,1,326),(1952,2,326),(1953,3,326),(1954,4,326),(1955,5,326),(1956,6,326),(1957,1,327),(1958,2,327),(1959,3,327),(1960,4,327),(1961,5,327),(1962,6,327),(1963,1,328),(1964,2,328),(1965,3,328),(1966,4,328),(1967,5,328),(1968,6,328),(1969,1,329),(1970,2,329),(1971,3,329),(1972,4,329),(1973,5,329),(1974,6,329),(1975,1,330),(1976,2,330),(1977,3,330),(1978,4,330),(1979,5,330),(1980,6,330),(1981,1,331),(1982,2,331),(1983,3,331),(1984,4,331),(1985,5,331),(1986,6,331),(1987,1,332),(1988,2,332),(1989,3,332),(1990,4,332),(1991,5,332),(1992,6,332),(1993,1,333),(1994,2,333),(1995,3,333),(1996,4,333),(1997,5,333),(1998,6,333),(1999,1,334),(2000,2,334),(2001,3,334),(2002,4,334),(2003,5,334),(2004,6,334),(2005,1,335),(2006,2,335),(2007,3,335),(2008,4,335),(2009,5,335),(2010,6,335),(2011,1,336),(2012,2,336),(2013,3,336),(2014,4,336),(2015,5,336),(2016,6,336),(2017,1,337),(2018,2,337),(2019,3,337),(2020,4,337),(2021,5,337),(2022,6,337),(2023,1,338),(2024,2,338),(2025,3,338),(2026,4,338),(2027,5,338),(2028,6,338),(2029,1,339),(2030,2,339),(2031,3,339),(2032,4,339),(2033,5,339),(2034,6,339),(2035,1,340),(2036,2,340),(2037,3,340),(2038,4,340),(2039,5,340),(2040,6,340),(2041,1,341),(2042,2,341),(2043,3,341),(2044,4,341),(2045,5,341),(2046,6,341),(2047,1,342),(2048,2,342),(2049,3,342),(2050,4,342),(2051,5,342),(2052,6,342),(2053,1,343),(2054,2,343),(2055,3,343),(2056,4,343),(2057,5,343),(2058,6,343),(2059,1,344),(2060,2,344),(2061,3,344),(2062,4,344),(2063,5,344),(2064,6,344),(2065,1,345),(2066,2,345),(2067,3,345),(2068,4,345),(2069,5,345),(2070,6,345),(2071,1,346),(2072,2,346),(2073,3,346),(2074,4,346),(2075,5,346),(2076,6,346),(2077,1,347),(2078,2,347),(2079,3,347),(2080,4,347),(2081,5,347),(2082,6,347),(2083,1,348),(2084,2,348),(2085,3,348),(2086,4,348),(2087,5,348),(2088,6,348),(2089,1,349),(2090,2,349),(2091,3,349),(2092,4,349),(2093,5,349),(2094,6,349),(2095,1,350),(2096,2,350),(2097,3,350),(2098,4,350),(2099,5,350),(2100,6,350),(2101,1,351),(2102,2,351),(2103,3,351),(2104,4,351),(2105,5,351),(2106,6,351),(2107,1,352),(2108,2,352),(2109,3,352),(2110,4,352),(2111,5,352),(2112,6,352),(2113,1,353),(2114,2,353),(2115,3,353),(2116,4,353),(2117,5,353),(2118,6,353),(2119,1,354),(2120,2,354),(2121,3,354),(2122,4,354),(2123,5,354),(2124,6,354),(2125,1,355),(2126,2,355),(2127,3,355),(2128,4,355),(2129,5,355),(2130,6,355),(2131,1,356),(2132,2,356),(2133,3,356),(2134,4,356),(2135,5,356),(2136,6,356),(2137,1,357),(2138,2,357),(2139,3,357),(2140,4,357),(2141,5,357),(2142,6,357),(2143,1,358),(2144,2,358),(2145,3,358),(2146,4,358),(2147,5,358),(2148,6,358),(2149,1,359),(2150,2,359),(2151,3,359),(2152,4,359),(2153,5,359),(2154,6,359),(2155,1,360),(2156,2,360),(2157,3,360),(2158,4,360),(2159,5,360),(2160,6,360),(2161,1,361),(2162,2,361),(2163,3,361),(2164,4,361),(2165,5,361),(2166,6,361),(2167,1,362),(2168,2,362),(2169,3,362),(2170,4,362),(2171,5,362),(2172,6,362),(2173,1,363),(2174,2,363),(2175,3,363),(2176,4,363),(2177,5,363),(2178,6,363),(2179,1,364),(2180,2,364),(2181,3,364),(2182,4,364),(2183,5,364),(2184,6,364),(2185,1,365),(2186,2,365),(2187,3,365),(2188,4,365),(2189,5,365),(2190,6,365),(2191,1,366),(2192,2,366),(2193,3,366),(2194,4,366),(2195,5,366),(2196,6,366);
/*!40000 ALTER TABLE `d_bridge` ENABLE KEYS */;
UNLOCK TABLES;

--
-- Table structure for table `d_date`
--

DROP TABLE IF EXISTS `d_date`;
/*!40101 SET @saved_cs_client     = @@character_set_client */;
 SET character_set_client = utf8mb4 ;
CREATE TABLE `d_date` (
  `id_date` int(11) NOT NULL AUTO_INCREMENT,
  `date` date NOT NULL,
  PRIMARY KEY (`id_date`)
) ENGINE=InnoDB AUTO_INCREMENT=367 DEFAULT CHARSET=utf8;
/*!40101 SET character_set_client = @saved_cs_client */;

--
-- Dumping data for table `d_date`
--

LOCK TABLES `d_date` WRITE;
/*!40000 ALTER TABLE `d_date` DISABLE KEYS */;
INSERT INTO `d_date` VALUES (1,'2016-01-01'),(2,'2016-01-02'),(3,'2016-01-03'),(4,'2016-01-04'),(5,'2016-01-05'),(6,'2016-01-06'),(7,'2016-01-07'),(8,'2016-01-08'),(9,'2016-01-09'),(10,'2016-01-10'),(11,'2016-01-11'),(12,'2016-01-12'),(13,'2016-01-13'),(14,'2016-01-14'),(15,'2016-01-15'),(16,'2016-01-16'),(17,'2016-01-17'),(18,'2016-01-18'),(19,'2016-01-19'),(20,'2016-01-20'),(21,'2016-01-21'),(22,'2016-01-22'),(23,'2016-01-23'),(24,'2016-01-24'),(25,'2016-01-25'),(26,'2016-01-26'),(27,'2016-01-27'),(28,'2016-01-28'),(29,'2016-01-29'),(30,'2016-01-30'),(31,'2016-01-31'),(32,'2016-02-01'),(33,'2016-02-02'),(34,'2016-02-03'),(35,'2016-02-04'),(36,'2016-02-05'),(37,'2016-02-06'),(38,'2016-02-07'),(39,'2016-02-08'),(40,'2016-02-09'),(41,'2016-02-10'),(42,'2016-02-11'),(43,'2016-02-12'),(44,'2016-02-13'),(45,'2016-02-14'),(46,'2016-02-15'),(47,'2016-02-16'),(48,'2016-02-17'),(49,'2016-02-18'),(50,'2016-02-19'),(51,'2016-02-20'),(52,'2016-02-21'),(53,'2016-02-22'),(54,'2016-02-23'),(55,'2016-02-24'),(56,'2016-02-25'),(57,'2016-02-26'),(58,'2016-02-27'),(59,'2016-02-28'),(60,'2016-02-29'),(61,'2016-03-01'),(62,'2016-03-02'),(63,'2016-03-03'),(64,'2016-03-04'),(65,'2016-03-05'),(66,'2016-03-06'),(67,'2016-03-07'),(68,'2016-03-08'),(69,'2016-03-09'),(70,'2016-03-10'),(71,'2016-03-11'),(72,'2016-03-12'),(73,'2016-03-13'),(74,'2016-03-14'),(75,'2016-03-15'),(76,'2016-03-16'),(77,'2016-03-17'),(78,'2016-03-18'),(79,'2016-03-19'),(80,'2016-03-20'),(81,'2016-03-21'),(82,'2016-03-22'),(83,'2016-03-23'),(84,'2016-03-24'),(85,'2016-03-25'),(86,'2016-03-26'),(87,'2016-03-27'),(88,'2016-03-28'),(89,'2016-03-29'),(90,'2016-03-30'),(91,'2016-03-31'),(92,'2016-04-01'),(93,'2016-04-02'),(94,'2016-04-03'),(95,'2016-04-04'),(96,'2016-04-05'),(97,'2016-04-06'),(98,'2016-04-07'),(99,'2016-04-08'),(100,'2016-04-09'),(101,'2016-04-10'),(102,'2016-04-11'),(103,'2016-04-12'),(104,'2016-04-13'),(105,'2016-04-14'),(106,'2016-04-15'),(107,'2016-04-16'),(108,'2016-04-17'),(109,'2016-04-18'),(110,'2016-04-19'),(111,'2016-04-20'),(112,'2016-04-21'),(113,'2016-04-22'),(114,'2016-04-23'),(115,'2016-04-24'),(116,'2016-04-25'),(117,'2016-04-26'),(118,'2016-04-27'),(119,'2016-04-28'),(120,'2016-04-29'),(121,'2016-04-30'),(122,'2016-05-01'),(123,'2016-05-02'),(124,'2016-05-03'),(125,'2016-05-04'),(126,'2016-05-05'),(127,'2016-05-06'),(128,'2016-05-07'),(129,'2016-05-08'),(130,'2016-05-09'),(131,'2016-05-10'),(132,'2016-05-11'),(133,'2016-05-12'),(134,'2016-05-13'),(135,'2016-05-14'),(136,'2016-05-15'),(137,'2016-05-16'),(138,'2016-05-17'),(139,'2016-05-18'),(140,'2016-05-19'),(141,'2016-05-20'),(142,'2016-05-21'),(143,'2016-05-22'),(144,'2016-05-23'),(145,'2016-05-24'),(146,'2016-05-25'),(147,'2016-05-26'),(148,'2016-05-27'),(149,'2016-05-28'),(150,'2016-05-29'),(151,'2016-05-30'),(152,'2016-05-31'),(153,'2016-06-01'),(154,'2016-06-02'),(155,'2016-06-03'),(156,'2016-06-04'),(157,'2016-06-05'),(158,'2016-06-06'),(159,'2016-06-07'),(160,'2016-06-08'),(161,'2016-06-09'),(162,'2016-06-10'),(163,'2016-06-11'),(164,'2016-06-12'),(165,'2016-06-13'),(166,'2016-06-14'),(167,'2016-06-15'),(168,'2016-06-16'),(169,'2016-06-17'),(170,'2016-06-18'),(171,'2016-06-19'),(172,'2016-06-20'),(173,'2016-06-21'),(174,'2016-06-22'),(175,'2016-06-23'),(176,'2016-06-24'),(177,'2016-06-25'),(178,'2016-06-26'),(179,'2016-06-27'),(180,'2016-06-28'),(181,'2016-06-29'),(182,'2016-06-30'),(183,'2016-07-01'),(184,'2016-07-02'),(185,'2016-07-03'),(186,'2016-07-04'),(187,'2016-07-05'),(188,'2016-07-06'),(189,'2016-07-07'),(190,'2016-07-08'),(191,'2016-07-09'),(192,'2016-07-10'),(193,'2016-07-11'),(194,'2016-07-12'),(195,'2016-07-13'),(196,'2016-07-14'),(197,'2016-07-15'),(198,'2016-07-16'),(199,'2016-07-17'),(200,'2016-07-18'),(201,'2016-07-19'),(202,'2016-07-20'),(203,'2016-07-21'),(204,'2016-07-22'),(205,'2016-07-23'),(206,'2016-07-24'),(207,'2016-07-25'),(208,'2016-07-26'),(209,'2016-07-27'),(210,'2016-07-28'),(211,'2016-07-29'),(212,'2016-07-30'),(213,'2016-07-31'),(214,'2016-08-01'),(215,'2016-08-02'),(216,'2016-08-03'),(217,'2016-08-04'),(218,'2016-08-05'),(219,'2016-08-06'),(220,'2016-08-07'),(221,'2016-08-08'),(222,'2016-08-09'),(223,'2016-08-10'),(224,'2016-08-11'),(225,'2016-08-12'),(226,'2016-08-13'),(227,'2016-08-14'),(228,'2016-08-15'),(229,'2016-08-16'),(230,'2016-08-17'),(231,'2016-08-18'),(232,'2016-08-19'),(233,'2016-08-20'),(234,'2016-08-21'),(235,'2016-08-22'),(236,'2016-08-23'),(237,'2016-08-24'),(238,'2016-08-25'),(239,'2016-08-26'),(240,'2016-08-27'),(241,'2016-08-28'),(242,'2016-08-29'),(243,'2016-08-30'),(244,'2016-08-31'),(245,'2016-09-01'),(246,'2016-09-02'),(247,'2016-09-03'),(248,'2016-09-04'),(249,'2016-09-05'),(250,'2016-09-06'),(251,'2016-09-07'),(252,'2016-09-08'),(253,'2016-09-09'),(254,'2016-09-10'),(255,'2016-09-11'),(256,'2016-09-12'),(257,'2016-09-13'),(258,'2016-09-14'),(259,'2016-09-15'),(260,'2016-09-16'),(261,'2016-09-17'),(262,'2016-09-18'),(263,'2016-09-19'),(264,'2016-09-20'),(265,'2016-09-21'),(266,'2016-09-22'),(267,'2016-09-23'),(268,'2016-09-24'),(269,'2016-09-25'),(270,'2016-09-26'),(271,'2016-09-27'),(272,'2016-09-28'),(273,'2016-09-29'),(274,'2016-09-30'),(275,'2016-10-01'),(276,'2016-10-02'),(277,'2016-10-03'),(278,'2016-10-04'),(279,'2016-10-05'),(280,'2016-10-06'),(281,'2016-10-07'),(282,'2016-10-08'),(283,'2016-10-09'),(284,'2016-10-10'),(285,'2016-10-11'),(286,'2016-10-12'),(287,'2016-10-13'),(288,'2016-10-14'),(289,'2016-10-15'),(290,'2016-10-16'),(291,'2016-10-17'),(292,'2016-10-18'),(293,'2016-10-19'),(294,'2016-10-20'),(295,'2016-10-21'),(296,'2016-10-22'),(297,'2016-10-23'),(298,'2016-10-24'),(299,'2016-10-25'),(300,'2016-10-26'),(301,'2016-10-27'),(302,'2016-10-28'),(303,'2016-10-29'),(304,'2016-10-30'),(305,'2016-10-31'),(306,'2016-11-01'),(307,'2016-11-02'),(308,'2016-11-03'),(309,'2016-11-04'),(310,'2016-11-05'),(311,'2016-11-06'),(312,'2016-11-07'),(313,'2016-11-08'),(314,'2016-11-09'),(315,'2016-11-10'),(316,'2016-11-11'),(317,'2016-11-12'),(318,'2016-11-13'),(319,'2016-11-14'),(320,'2016-11-15'),(321,'2016-11-16'),(322,'2016-11-17'),(323,'2016-11-18'),(324,'2016-11-19'),(325,'2016-11-20'),(326,'2016-11-21'),(327,'2016-11-22'),(328,'2016-11-23'),(329,'2016-11-24'),(330,'2016-11-25'),(331,'2016-11-26'),(332,'2016-11-27'),(333,'2016-11-28'),(334,'2016-11-29'),(335,'2016-11-30'),(336,'2016-12-01'),(337,'2016-12-02'),(338,'2016-12-03'),(339,'2016-12-04'),(340,'2016-12-05'),(341,'2016-12-06'),(342,'2016-12-07'),(343,'2016-12-08'),(344,'2016-12-09'),(345,'2016-12-10'),(346,'2016-12-11'),(347,'2016-12-12'),(348,'2016-12-13'),(349,'2016-12-14'),(350,'2016-12-15'),(351,'2016-12-16'),(352,'2016-12-17'),(353,'2016-12-18'),(354,'2016-12-19'),(355,'2016-12-20'),(356,'2016-12-21'),(357,'2016-12-22'),(358,'2016-12-23'),(359,'2016-12-24'),(360,'2016-12-25'),(361,'2016-12-26'),(362,'2016-12-27'),(363,'2016-12-28'),(364,'2016-12-29'),(365,'2016-12-30'),(366,'2016-12-31');
/*!40000 ALTER TABLE `d_date` ENABLE KEYS */;
UNLOCK TABLES;

--
-- Table structure for table `d_product`
--

DROP TABLE IF EXISTS `d_product`;
/*!40101 SET @saved_cs_client     = @@character_set_client */;
 SET character_set_client = utf8mb4 ;
CREATE TABLE `d_product` (
  `id_product` int(11) NOT NULL AUTO_INCREMENT,
  `name` varchar(45) NOT NULL,
  `family` varchar(45) NOT NULL,
  PRIMARY KEY (`id_product`)
) ENGINE=InnoDB AUTO_INCREMENT=16 DEFAULT CHARSET=utf8;
/*!40101 SET character_set_client = @saved_cs_client */;

--
-- Dumping data for table `d_product`
--

LOCK TABLES `d_product` WRITE;
/*!40000 ALTER TABLE `d_product` DISABLE KEYS */;
INSERT INTO `d_product` VALUES (1,'PIZZA TDRL','Food'),(2,'PIZZA DROE','Food'),(3,'PIZZA CUSN','Food'),(4,'TV SMRT42SNG','Electronics'),(5,'TV SMRT42PHI','Electronics'),(6,'TV SMRT42SNY','Electronics'),(7,'TROUSERS LVS','Clothing'),(8,'TROUSERS MNG','Clothing'),(9,'TROUSERS LEE','Clothing'),(10,'SHOES NKE','Sports'),(11,'SHOES ADS','Sports'),(12,'SHOES ACS','Sports'),(13,'FRAME 18X10 CK','Home'),(14,'FRAME 18X10 CH','Home'),(15,'FRAME 18X10 MD','Home');
/*!40000 ALTER TABLE `d_product` ENABLE KEYS */;
UNLOCK TABLES;

--
-- Table structure for table `d_shopping_center`
--

DROP TABLE IF EXISTS `d_shopping_center`;
/*!40101 SET @saved_cs_client     = @@character_set_client */;
 SET character_set_client = utf8mb4 ;
CREATE TABLE `d_shopping_center` (
  `id_shopping_center` int(11) NOT NULL AUTO_INCREMENT,
  `SC_name` varchar(45) NOT NULL,
  `city` varchar(45) NOT NULL,
  `zone` varchar(45) NOT NULL,
  `type` varchar(45) NOT NULL,
  PRIMARY KEY (`id_shopping_center`)
) ENGINE=InnoDB AUTO_INCREMENT=7 DEFAULT CHARSET=utf8;
/*!40101 SET character_set_client = @saved_cs_client */;

--
-- Dumping data for table `d_shopping_center`
--

LOCK TABLES `d_shopping_center` WRITE;
/*!40000 ALTER TABLE `d_shopping_center` DISABLE KEYS */;
INSERT INTO `d_shopping_center` VALUES (1,'Gran Jonquera Outlet & Shopping','Figueres','NORTH','Periphery'),(2,'Girocentre','Girona','NORTH','Urban'),(3,'La Maquinista','Barcelona','CENTER','Urban'),(4,'Mercat del Pla','Lleida','CENTER','Urban'),(5,'Les Gabarres','Tarragona','SOUTH','Periphery'),(6,'La Fira','Reus','SOUTH','Periphery');
/*!40000 ALTER TABLE `d_shopping_center` ENABLE KEYS */;
UNLOCK TABLES;

--
-- Table structure for table `f_sales_marketing`
--

DROP TABLE IF EXISTS `f_sales_marketing`;
/*!40101 SET @saved_cs_client     = @@character_set_client */;
 SET character_set_client = utf8mb4 ;
CREATE TABLE `f_sales_marketing` (
  `sales_id` int(11) NOT NULL AUTO_INCREMENT,
  `id_bridge` int(11) NOT NULL,
  `sales_qty` int(11) NOT NULL,
  `id_product` int(11) NOT NULL,
  `Impact_points_bs` int(11) NOT NULL,
  `Impact_points_i` int(11) NOT NULL,
  PRIMARY KEY (`sales_id`),
  KEY `id_product_idx` (`id_product`),
  KEY `key_idx` (`id_bridge`),
  CONSTRAINT `id_bridge_sales_marketing` FOREIGN KEY (`id_bridge`) REFERENCES `d_bridge` (`id_bridge`),
  CONSTRAINT `id_product_sales_marketing` FOREIGN KEY (`id_product`) REFERENCES `d_product` (`id_product`)
) ENGINE=InnoDB DEFAULT CHARSET=utf8;
/*!40101 SET character_set_client = @saved_cs_client */;

--
-- Dumping data for table `f_sales_marketing`
--

LOCK TABLES `f_sales_marketing` WRITE;
/*!40000 ALTER TABLE `f_sales_marketing` DISABLE KEYS */;
/*!40000 ALTER TABLE `f_sales_marketing` ENABLE KEYS */;
UNLOCK TABLES;

--
-- Table structure for table `f_visits`
--

DROP TABLE IF EXISTS `f_visits`;
/*!40101 SET @saved_cs_client     = @@character_set_client */;
 SET character_set_client = utf8mb4 ;
CREATE TABLE `f_visits` (
  `id_visits` int(11) NOT NULL AUTO_INCREMENT,
  `id_bridge` int(11) NOT NULL,
  `visits_qty` int(11) NOT NULL,
  PRIMARY KEY (`id_visits`),
  KEY `id_bridge_visits` (`id_bridge`),
  CONSTRAINT `id_bridge_visits` FOREIGN KEY (`id_bridge`) REFERENCES `d_bridge` (`id_bridge`)
) ENGINE=InnoDB AUTO_INCREMENT=2197 DEFAULT CHARSET=utf8;
/*!40101 SET character_set_client = @saved_cs_client */;

--
-- Dumping data for table `f_visits`
--

LOCK TABLES `f_visits` WRITE;
/*!40000 ALTER TABLE `f_visits` DISABLE KEYS */;
INSERT INTO `f_visits` VALUES (1,1,13757),(2,2,12839),(3,3,20546),(4,4,10360),(5,5,22286),(6,6,11420),(7,7,0),(8,8,0),(9,9,0),(10,10,0),(11,11,0),(12,12,0),(13,13,9218),(14,14,8957),(15,15,14758),(16,16,5549),(17,17,10943),(18,18,7782),(19,19,6869),(20,20,9742),(21,21,13976),(22,22,7339),(23,23,11035),(24,24,7410),(25,25,9167),(26,26,6784),(27,27,11168),(28,28,6025),(29,29,12998),(30,30,8966),(31,31,8755),(32,32,6288),(33,33,12119),(34,34,7604),(35,35,12573),(36,36,5484),(37,37,5446),(38,38,6029),(39,39,12548),(40,40,5677),(41,41,11330),(42,42,5128),(43,43,11229),(44,44,14135),(45,45,21336),(46,46,10572),(47,47,23752),(48,48,12782),(49,49,0),(50,50,0),(51,51,0),(52,52,0),(53,53,0),(54,54,0),(55,55,7629),(56,56,7003),(57,57,11409),(58,58,6296),(59,59,14223),(60,60,9965),(61,61,6884),(62,62,9770),(63,63,11154),(64,64,6153),(65,65,14359),(66,66,5898),(67,67,5614),(68,68,5772),(69,69,10432),(70,70,5744),(71,71,14271),(72,72,6432),(73,73,8271),(74,74,5987),(75,75,11439),(76,76,7748),(77,77,12699),(78,78,5708),(79,79,8031),(80,80,7587),(81,81,12807),(82,82,6937),(83,83,11256),(84,84,9044),(85,85,13620),(86,86,14970),(87,87,20614),(88,88,12500),(89,89,18393),(90,90,9747),(91,91,0),(92,92,0),(93,93,0),(94,94,0),(95,95,0),(96,96,0),(97,97,7809),(98,98,9314),(99,99,10404),(100,100,7656),(101,101,11947),(102,102,7459),(103,103,6538),(104,104,9337),(105,105,11297),(106,106,6535),(107,107,11560),(108,108,5125),(109,109,6832),(110,110,5615),(111,111,12028),(112,112,7168),(113,113,12505),(114,114,6017),(115,115,9477),(116,116,6545),(117,117,13860),(118,118,5717),(119,119,13594),(120,120,8747),(121,121,6291),(122,122,6923),(123,123,10526),(124,124,7248),(125,125,13164),(126,126,6907),(127,127,11746),(128,128,11832),(129,129,21695),(130,130,11765),(131,131,20597),(132,132,12469),(133,133,0),(134,134,0),(135,135,0),(136,136,0),(137,137,0),(138,138,0),(139,139,6537),(140,140,9695),(141,141,10097),(142,142,7801),(143,143,10478),(144,144,9584),(145,145,6822),(146,146,6905),(147,147,13349),(148,148,6780),(149,149,14482),(150,150,8314),(151,151,8493),(152,152,6167),(153,153,12318),(154,154,5373),(155,155,11712),(156,156,7557),(157,157,9576),(158,158,8178),(159,159,10375),(160,160,7847),(161,161,10571),(162,162,5714),(163,163,6437),(164,164,8942),(165,165,13484),(166,166,6648),(167,167,10386),(168,168,5671),(169,169,14959),(170,170,11445),(171,171,23510),(172,172,11167),(173,173,23864),(174,174,9236),(175,175,0),(176,176,0),(177,177,0),(178,178,0),(179,179,0),(180,180,0),(181,181,6977),(182,182,9526),(183,183,12365),(184,184,6909),(185,185,10844),(186,186,5877),(187,187,7672),(188,188,8955),(189,189,11554),(190,190,6393),(191,191,13284),(192,192,6168),(193,193,5887),(194,194,7278),(195,195,14907),(196,196,7044),(197,197,14516),(198,198,7798),(199,199,5092),(200,200,6047),(201,201,11253),(202,202,7504),(203,203,13859),(204,204,9975),(205,205,7140),(206,206,5485),(207,207,10927),(208,208,5671),(209,209,12377),(210,210,8895),(211,211,11167),(212,212,14973),(213,213,23816),(214,214,10305),(215,215,22599),(216,216,11745),(217,217,0),(218,218,0),(219,219,0),(220,220,0),(221,221,0),(222,222,0),(223,223,6301),(224,224,5518),(225,225,13261),(226,226,7026),(227,227,13100),(228,228,5605),(229,229,5304),(230,230,6287),(231,231,13587),(232,232,7294),(233,233,11199),(234,234,8506),(235,235,5452),(236,236,8890),(237,237,12792),(238,238,6812),(239,239,11880),(240,240,7313),(241,241,5360),(242,242,5967),(243,243,11494),(244,244,7305),(245,245,12900),(246,246,9144),(247,247,7214),(248,248,6731),(249,249,10743),(250,250,5424),(251,251,13490),(252,252,9726),(253,253,12308),(254,254,13210),(255,255,20830),(256,256,10181),(257,257,23284),(258,258,10193),(259,259,0),(260,260,0),(261,261,0),(262,262,0),(263,263,0),(264,264,0),(265,265,5229),(266,266,6150),(267,267,12406),(268,268,6044),(269,269,11127),(270,270,5147),(271,271,9177),(272,272,7502),(273,273,11253),(274,274,6699),(275,275,12067),(276,276,5455),(277,277,7226),(278,278,7525),(279,279,12782),(280,280,7843),(281,281,11409),(282,282,7319),(283,283,5446),(284,284,9527),(285,285,12538),(286,286,5604),(287,287,13436),(288,288,9907),(289,289,5565),(290,290,6007),(291,291,12521),(292,292,5327),(293,293,12180),(294,294,7441),(295,295,12951),(296,296,9547),(297,297,19989),(298,298,10847),(299,299,19620),(300,300,13310),(301,301,0),(302,302,0),(303,303,0),(304,304,0),(305,305,0),(306,306,0),(307,307,7816),(308,308,8693),(309,309,13690),(310,310,7340),(311,311,10731),(312,312,6958),(313,313,7905),(314,314,7808),(315,315,11977),(316,316,7464),(317,317,14068),(318,318,8146),(319,319,6788),(320,320,8563),(321,321,12959),(322,322,7499),(323,323,13149),(324,324,8913),(325,325,5680),(326,326,8735),(327,327,14825),(328,328,6782),(329,329,10589),(330,330,7727),(331,331,7851),(332,332,9565),(333,333,12607),(334,334,6305),(335,335,11297),(336,336,8658),(337,337,12641),(338,338,12781),(339,339,21961),(340,340,9283),(341,341,21572),(342,342,14082),(343,343,0),(344,344,0),(345,345,0),(346,346,0),(347,347,0),(348,348,0),(349,349,7215),(350,350,8074),(351,351,14920),(352,352,5994),(353,353,14344),(354,354,7079),(355,355,5029),(356,356,8395),(357,357,10761),(358,358,6852),(359,359,10464),(360,360,7195),(361,361,9450),(362,362,9383),(363,363,13320),(364,364,5115),(365,365,14852),(366,366,7587),(367,367,8504),(368,368,9179),(369,369,13028),(370,370,5379),(371,371,12271),(372,372,5852),(373,373,9397),(374,374,8308),(375,375,14877),(376,376,5865),(377,377,10854),(378,378,5030),(379,379,15237),(380,380,10746),(381,381,22794),(382,382,11859),(383,383,20759),(384,384,13814),(385,385,0),(386,386,0),(387,387,0),(388,388,0),(389,389,0),(390,390,0),(391,391,8872),(392,392,6075),(393,393,13444),(394,394,5630),(395,395,14233),(396,396,7918),(397,397,8678),(398,398,6031),(399,399,10184),(400,400,5025),(401,401,10196),(402,402,6846),(403,403,7728),(404,404,9702),(405,405,10195),(406,406,7796),(407,407,12048),(408,408,6965),(409,409,8541),(410,410,8688),(411,411,12392),(412,412,5787),(413,413,12541),(414,414,7038),(415,415,8156),(416,416,9715),(417,417,13371),(418,418,7132),(419,419,13219),(420,420,9378),(421,421,13661),(422,422,10187),(423,423,24555),(424,424,9619),(425,425,23141),(426,426,13375),(427,427,0),(428,428,0),(429,429,0),(430,430,0),(431,431,0),(432,432,0),(433,433,5478),(434,434,5488),(435,435,13273),(436,436,6069),(437,437,14842),(438,438,9908),(439,439,9350),(440,440,8237),(441,441,11489),(442,442,5826),(443,443,12368),(444,444,5190),(445,445,7452),(446,446,6996),(447,447,11410),(448,448,7286),(449,449,10286),(450,450,6628),(451,451,9801),(452,452,5494),(453,453,12216),(454,454,5055),(455,455,11829),(456,456,6690),(457,457,9631),(458,458,9660),(459,459,14272),(460,460,5915),(461,461,11466),(462,462,5431),(463,463,13961),(464,464,10935),(465,465,20145),(466,466,10628),(467,467,24276),(468,468,13809),(469,469,0),(470,470,0),(471,471,0),(472,472,0),(473,473,0),(474,474,0),(475,475,6451),(476,476,7804),(477,477,13115),(478,478,7323),(479,479,12268),(480,480,8286),(481,481,9410),(482,482,5794),(483,483,14489),(484,484,7667),(485,485,10115),(486,486,5210),(487,487,6540),(488,488,6037),(489,489,11522),(490,490,6490),(491,491,13717),(492,492,9276),(493,493,8937),(494,494,7426),(495,495,12870),(496,496,6689),(497,497,14369),(498,498,5117),(499,499,9416),(500,500,6210),(501,501,10759),(502,502,5171),(503,503,11326),(504,504,5750),(505,505,12818),(506,506,12424),(507,507,23151),(508,508,9688),(509,509,23799),(510,510,9710),(511,511,0),(512,512,0),(513,513,0),(514,514,0),(515,515,0),(516,516,0),(517,517,8384),(518,518,6267),(519,519,10778),(520,520,5813),(521,521,10502),(522,522,5601),(523,523,9974),(524,524,8101),(525,525,11224),(526,526,5866),(527,527,12736),(528,528,7760),(529,529,9671),(530,530,8222),(531,531,10195),(532,532,6982),(533,533,14970),(534,534,7471),(535,535,7963),(536,536,5470),(537,537,14615),(538,538,6203),(539,539,12865),(540,540,8786),(541,541,8558),(542,542,6542),(543,543,14369),(544,544,5309),(545,545,10674),(546,546,7857),(547,547,12194),(548,548,11539),(549,549,23886),(550,550,9662),(551,551,20880),(552,552,13716),(553,553,0),(554,554,0),(555,555,0),(556,556,0),(557,557,0),(558,558,0),(559,559,7046),(560,560,8728),(561,561,10788),(562,562,7401),(563,563,11413),(564,564,7180),(565,565,6037),(566,566,7942),(567,567,11279),(568,568,6864),(569,569,12435),(570,570,6514),(571,571,8022),(572,572,5128),(573,573,10359),(574,574,5596),(575,575,10753),(576,576,5585),(577,577,8809),(578,578,5138),(579,579,10276),(580,580,6565),(581,581,14140),(582,582,7538),(583,583,7526),(584,584,5076),(585,585,12273),(586,586,7638),(587,587,10977),(588,588,6701),(589,589,15045),(590,590,12652),(591,591,22267),(592,592,10100),(593,593,22183),(594,594,12465),(595,595,0),(596,596,0),(597,597,0),(598,598,0),(599,599,0),(600,600,0),(601,601,7767),(602,602,9442),(603,603,13497),(604,604,7021),(605,605,14871),(606,606,5609),(607,607,5340),(608,608,9979),(609,609,11516),(610,610,7638),(611,611,14419),(612,612,7086),(613,613,8185),(614,614,9743),(615,615,10246),(616,616,6616),(617,617,13180),(618,618,8970),(619,619,5100),(620,620,6653),(621,621,10426),(622,622,6260),(623,623,10671),(624,624,8983),(625,625,8981),(626,626,5789),(627,627,14669),(628,628,7696),(629,629,10743),(630,630,7256),(631,631,12970),(632,632,12901),(633,633,19386),(634,634,11911),(635,635,23021),(636,636,13641),(637,637,0),(638,638,0),(639,639,0),(640,640,0),(641,641,0),(642,642,0),(643,643,9568),(644,644,7721),(645,645,13910),(646,646,6475),(647,647,11612),(648,648,6200),(649,649,8483),(650,650,8195),(651,651,14450),(652,652,6899),(653,653,10177),(654,654,5636),(655,655,5509),(656,656,6611),(657,657,13269),(658,658,6030),(659,659,14080),(660,660,5704),(661,661,8385),(662,662,9786),(663,663,11216),(664,664,5804),(665,665,13101),(666,666,9500),(667,667,9343),(668,668,6880),(669,669,10077),(670,670,5097),(671,671,14940),(672,672,6903),(673,673,11036),(674,674,12404),(675,675,18921),(676,676,9880),(677,677,20344),(678,678,9592),(679,679,0),(680,680,0),(681,681,0),(682,682,0),(683,683,0),(684,684,0),(685,685,5159),(686,686,5658),(687,687,11426),(688,688,7468),(689,689,14232),(690,690,7428),(691,691,5690),(692,692,9880),(693,693,10227),(694,694,7717),(695,695,12079),(696,696,8023),(697,697,7995),(698,698,8821),(699,699,13717),(700,700,5498),(701,701,14238),(702,702,7183),(703,703,7509),(704,704,5007),(705,705,11869),(706,706,6628),(707,707,13118),(708,708,9107),(709,709,9860),(710,710,5553),(711,711,11338),(712,712,7023),(713,713,12461),(714,714,6766),(715,715,11461),(716,716,12477),(717,717,22486),(718,718,9698),(719,719,19809),(720,720,14277),(721,721,0),(722,722,0),(723,723,0),(724,724,0),(725,725,0),(726,726,0),(727,727,8028),(728,728,5992),(729,729,14709),(730,730,5201),(731,731,11309),(732,732,8527),(733,733,5939),(734,734,7884),(735,735,11461),(736,736,5546),(737,737,11824),(738,738,9726),(739,739,5703),(740,740,9633),(741,741,12612),(742,742,7687),(743,743,14556),(744,744,7199),(745,745,5915),(746,746,8986),(747,747,10727),(748,748,6539),(749,749,13769),(750,750,6491),(751,751,6027),(752,752,6344),(753,753,14307),(754,754,7736),(755,755,10586),(756,756,9102),(757,757,10171),(758,758,11439),(759,759,24146),(760,760,10003),(761,761,22854),(762,762,12300),(763,763,0),(764,764,0),(765,765,0),(766,766,0),(767,767,0),(768,768,0),(769,769,5916),(770,770,9742),(771,771,13622),(772,772,5461),(773,773,12684),(774,774,5477),(775,775,6891),(776,776,5549),(777,777,11386),(778,778,7539),(779,779,11568),(780,780,9478),(781,781,6118),(782,782,5602),(783,783,12947),(784,784,6922),(785,785,13213),(786,786,9376),(787,787,6025),(788,788,8257),(789,789,14806),(790,790,5648),(791,791,11170),(792,792,6796),(793,793,8518),(794,794,7660),(795,795,13852),(796,796,5412),(797,797,13025),(798,798,5176),(799,799,12032),(800,800,11861),(801,801,23220),(802,802,10012),(803,803,21271),(804,804,12280),(805,805,0),(806,806,0),(807,807,0),(808,808,0),(809,809,0),(810,810,0),(811,811,9281),(812,812,8617),(813,813,13706),(814,814,7441),(815,815,14508),(816,816,6726),(817,817,5201),(818,818,7158),(819,819,10239),(820,820,6595),(821,821,14444),(822,822,9627),(823,823,6949),(824,824,8377),(825,825,10167),(826,826,6022),(827,827,14785),(828,828,7503),(829,829,5993),(830,830,9917),(831,831,14750),(832,832,6198),(833,833,10130),(834,834,7528),(835,835,6708),(836,836,6721),(837,837,14010),(838,838,7886),(839,839,14828),(840,840,6597),(841,841,12876),(842,842,14600),(843,843,18668),(844,844,10588),(845,845,22911),(846,846,13872),(847,847,0),(848,848,0),(849,849,0),(850,850,0),(851,851,0),(852,852,0),(853,853,8302),(854,854,6200),(855,855,12056),(856,856,6942),(857,857,14855),(858,858,8222),(859,859,7437),(860,860,6676),(861,861,14647),(862,862,5369),(863,863,14522),(864,864,9622),(865,865,5222),(866,866,8885),(867,867,14588),(868,868,6134),(869,869,14808),(870,870,6069),(871,871,7422),(872,872,8478),(873,873,13701),(874,874,5181),(875,875,14492),(876,876,5937),(877,877,8594),(878,878,8382),(879,879,12920),(880,880,6223),(881,881,10425),(882,882,7422),(883,883,9654),(884,884,11472),(885,885,19726),(886,886,10162),(887,887,20785),(888,888,13126),(889,889,0),(890,890,0),(891,891,0),(892,892,0),(893,893,0),(894,894,0),(895,895,8796),(896,896,9321),(897,897,14725),(898,898,5416),(899,899,14581),(900,900,8901),(901,901,6804),(902,902,8335),(903,903,12922),(904,904,7099),(905,905,13675),(906,906,7032),(907,907,9466),(908,908,7725),(909,909,14084),(910,910,7517),(911,911,10956),(912,912,6188),(913,913,8344),(914,914,7296),(915,915,13760),(916,916,7779),(917,917,10982),(918,918,6754),(919,919,6492),(920,920,8287),(921,921,12406),(922,922,7957),(923,923,11100),(924,924,9370),(925,925,13494),(926,926,14359),(927,927,23315),(928,928,9768),(929,929,23545),(930,930,10567),(931,931,0),(932,932,0),(933,933,0),(934,934,0),(935,935,0),(936,936,0),(937,937,8229),(938,938,7006),(939,939,12823),(940,940,7028),(941,941,10553),(942,942,9007),(943,943,9102),(944,944,9859),(945,945,14281),(946,946,7776),(947,947,12576),(948,948,7974),(949,949,8341),(950,950,6542),(951,951,12381),(952,952,6440),(953,953,12714),(954,954,5546),(955,955,6305),(956,956,9257),(957,957,10271),(958,958,7844),(959,959,12483),(960,960,7611),(961,961,8768),(962,962,9616),(963,963,10283),(964,964,6374),(965,965,10414),(966,966,7334),(967,967,11146),(968,968,13913),(969,969,20457),(970,970,10098),(971,971,23103),(972,972,12077),(973,973,0),(974,974,0),(975,975,0),(976,976,0),(977,977,0),(978,978,0),(979,979,9170),(980,980,6433),(981,981,12606),(982,982,7577),(983,983,11252),(984,984,7840),(985,985,5666),(986,986,8066),(987,987,13177),(988,988,7465),(989,989,12778),(990,990,9906),(991,991,9049),(992,992,7098),(993,993,14853),(994,994,7235),(995,995,13583),(996,996,7837),(997,997,7433),(998,998,7868),(999,999,12984),(1000,1000,7312),(1001,1001,13754),(1002,1002,6513),(1003,1003,6026),(1004,1004,6686),(1005,1005,14070),(1006,1006,5968),(1007,1007,13748),(1008,1008,6298),(1009,1009,12017),(1010,1010,11922),(1011,1011,21506),(1012,1012,11449),(1013,1013,18467),(1014,1014,9973),(1015,1015,0),(1016,1016,0),(1017,1017,0),(1018,1018,0),(1019,1019,0),(1020,1020,0),(1021,1021,5286),(1022,1022,6848),(1023,1023,11252),(1024,1024,5339),(1025,1025,13897),(1026,1026,5399),(1027,1027,6630),(1028,1028,5384),(1029,1029,13545),(1030,1030,7869),(1031,1031,11279),(1032,1032,5498),(1033,1033,8659),(1034,1034,6932),(1035,1035,12129),(1036,1036,7317),(1037,1037,14737),(1038,1038,7364),(1039,1039,9793),(1040,1040,9642),(1041,1041,14220),(1042,1042,6790),(1043,1043,14337),(1044,1044,5943),(1045,1045,6153),(1046,1046,6651),(1047,1047,10132),(1048,1048,6771),(1049,1049,11418),(1050,1050,6818),(1051,1051,14994),(1052,1052,15829),(1053,1053,22300),(1054,1054,11019),(1055,1055,22476),(1056,1056,12728),(1057,1057,0),(1058,1058,0),(1059,1059,0),(1060,1060,0),(1061,1061,0),(1062,1062,0),(1063,1063,7932),(1064,1064,8093),(1065,1065,10218),(1066,1066,7273),(1067,1067,12862),(1068,1068,6130),(1069,1069,5540),(1070,1070,6180),(1071,1071,14333),(1072,1072,6559),(1073,1073,10094),(1074,1074,8750),(1075,1075,9929),(1076,1076,7406),(1077,1077,12554),(1078,1078,6110),(1079,1079,12603),(1080,1080,7249),(1081,1081,9546),(1082,1082,7393),(1083,1083,10175),(1084,1084,7782),(1085,1085,12254),(1086,1086,6110),(1087,1087,9861),(1088,1088,5109),(1089,1089,11262),(1090,1090,7564),(1091,1091,14262),(1092,1092,7474),(1093,1093,12966),(1094,1094,14656),(1095,1095,23397),(1096,1096,9981),(1097,1097,19130),(1098,1098,11609),(1099,1099,0),(1100,1100,0),(1101,1101,0),(1102,1102,0),(1103,1103,0),(1104,1104,0),(1105,1105,6270),(1106,1106,8502),(1107,1107,10445),(1108,1108,6872),(1109,1109,13118),(1110,1110,5332),(1111,1111,6700),(1112,1112,9762),(1113,1113,12731),(1114,1114,5515),(1115,1115,14825),(1116,1116,5151),(1117,1117,6062),(1118,1118,7207),(1119,1119,10499),(1120,1120,6975),(1121,1121,14806),(1122,1122,9371),(1123,1123,7557),(1124,1124,8432),(1125,1125,12937),(1126,1126,6970),(1127,1127,13083),(1128,1128,7402),(1129,1129,5380),(1130,1130,7798),(1131,1131,11969),(1132,1132,7241),(1133,1133,10765),(1134,1134,9890),(1135,1135,9590),(1136,1136,11913),(1137,1137,22946),(1138,1138,11601),(1139,1139,21093),(1140,1140,12850),(1141,1141,0),(1142,1142,0),(1143,1143,0),(1144,1144,0),(1145,1145,0),(1146,1146,0),(1147,1147,5991),(1148,1148,7341),(1149,1149,10120),(1150,1150,7038),(1151,1151,11693),(1152,1152,9226),(1153,1153,8612),(1154,1154,7998),(1155,1155,14667),(1156,1156,5068),(1157,1157,13544),(1158,1158,8838),(1159,1159,8343),(1160,1160,9337),(1161,1161,10640),(1162,1162,5510),(1163,1163,14385),(1164,1164,7303),(1165,1165,5965),(1166,1166,8433),(1167,1167,13396),(1168,1168,7158),(1169,1169,14473),(1170,1170,9063),(1171,1171,6032),(1172,1172,7727),(1173,1173,12549),(1174,1174,7339),(1175,1175,12620),(1176,1176,8625),(1177,1177,14208),(1178,1178,11606),(1179,1179,23429),(1180,1180,11396),(1181,1181,19878),(1182,1182,10204),(1183,1183,0),(1184,1184,0),(1185,1185,0),(1186,1186,0),(1187,1187,0),(1188,1188,0),(1189,1189,8151),(1190,1190,9439),(1191,1191,11357),(1192,1192,7939),(1193,1193,11515),(1194,1194,8084),(1195,1195,9106),(1196,1196,9565),(1197,1197,12116),(1198,1198,7196),(1199,1199,10207),(1200,1200,6618),(1201,1201,6509),(1202,1202,9800),(1203,1203,14846),(1204,1204,6807),(1205,1205,10451),(1206,1206,5504),(1207,1207,5467),(1208,1208,6064),(1209,1209,13297),(1210,1210,6975),(1211,1211,12760),(1212,1212,5158),(1213,1213,9530),(1214,1214,5367),(1215,1215,11734),(1216,1216,7858),(1217,1217,13322),(1218,1218,9149),(1219,1219,11688),(1220,1220,13044),(1221,1221,22267),(1222,1222,10099),(1223,1223,20007),(1224,1224,13930),(1225,1225,0),(1226,1226,0),(1227,1227,0),(1228,1228,0),(1229,1229,0),(1230,1230,0),(1231,1231,9195),(1232,1232,8742),(1233,1233,13131),(1234,1234,5746),(1235,1235,14549),(1236,1236,7230),(1237,1237,5569),(1238,1238,6820),(1239,1239,10248),(1240,1240,7729),(1241,1241,13086),(1242,1242,6590),(1243,1243,6446),(1244,1244,9683),(1245,1245,14656),(1246,1246,7202),(1247,1247,10710),(1248,1248,8993),(1249,1249,6216),(1250,1250,9960),(1251,1251,12808),(1252,1252,5534),(1253,1253,11960),(1254,1254,6633),(1255,1255,5684),(1256,1256,6643),(1257,1257,11036),(1258,1258,6142),(1259,1259,14554),(1260,1260,5403),(1261,1261,10622),(1262,1262,14582),(1263,1263,23253),(1264,1264,11959),(1265,1265,22319),(1266,1266,9438),(1267,1267,0),(1268,1268,0),(1269,1269,0),(1270,1270,0),(1271,1271,0),(1272,1272,0),(1273,1273,5683),(1274,1274,9016),(1275,1275,10223),(1276,1276,5267),(1277,1277,14164),(1278,1278,5350),(1279,1279,5529),(1280,1280,5904),(1281,1281,10527),(1282,1282,7278),(1283,1283,12941),(1284,1284,6649),(1285,1285,9647),(1286,1286,6458),(1287,1287,12602),(1288,1288,7744),(1289,1289,14780),(1290,1290,7336),(1291,1291,5437),(1292,1292,5000),(1293,1293,13250),(1294,1294,7431),(1295,1295,11148),(1296,1296,6428),(1297,1297,5551),(1298,1298,7667),(1299,1299,12272),(1300,1300,6885),(1301,1301,12414),(1302,1302,9890),(1303,1303,14398),(1304,1304,11939),(1305,1305,22560),(1306,1306,10409),(1307,1307,20668),(1308,1308,14064),(1309,1309,0),(1310,1310,0),(1311,1311,0),(1312,1312,0),(1313,1313,0),(1314,1314,0),(1315,1315,8081),(1316,1316,8345),(1317,1317,14774),(1318,1318,7987),(1319,1319,12501),(1320,1320,6214),(1321,1321,5341),(1322,1322,5699),(1323,1323,12742),(1324,1324,7260),(1325,1325,13402),(1326,1326,9031),(1327,1327,9915),(1328,1328,6989),(1329,1329,11433),(1330,1330,7794),(1331,1331,13335),(1332,1332,9072),(1333,1333,7442),(1334,1334,7965),(1335,1335,14567),(1336,1336,5979),(1337,1337,12864),(1338,1338,5226),(1339,1339,5547),(1340,1340,7100),(1341,1341,14848),(1342,1342,7484),(1343,1343,10263),(1344,1344,5534),(1345,1345,14201),(1346,1346,10446),(1347,1347,23150),(1348,1348,10520),(1349,1349,21842),(1350,1350,13705),(1351,1351,0),(1352,1352,0),(1353,1353,0),(1354,1354,0),(1355,1355,0),(1356,1356,0),(1357,1357,8484),(1358,1358,6658),(1359,1359,10433),(1360,1360,7550),(1361,1361,12134),(1362,1362,6323),(1363,1363,5057),(1364,1364,5796),(1365,1365,11314),(1366,1366,5119),(1367,1367,13753),(1368,1368,9903),(1369,1369,7984),(1370,1370,7376),(1371,1371,11863),(1372,1372,5450),(1373,1373,13335),(1374,1374,5153),(1375,1375,6111),(1376,1376,8858),(1377,1377,10225),(1378,1378,6087),(1379,1379,14380),(1380,1380,6329),(1381,1381,9461),(1382,1382,8368),(1383,1383,12863),(1384,1384,5594),(1385,1385,14714),(1386,1386,7518),(1387,1387,12269),(1388,1388,11047),(1389,1389,20671),(1390,1390,9456),(1391,1391,19647),(1392,1392,12229),(1393,1393,0),(1394,1394,0),(1395,1395,0),(1396,1396,0),(1397,1397,0),(1398,1398,0),(1399,1399,7422),(1400,1400,5869),(1401,1401,13377),(1402,1402,5949),(1403,1403,14336),(1404,1404,9979),(1405,1405,9957),(1406,1406,5667),(1407,1407,14122),(1408,1408,5202),(1409,1409,10705),(1410,1410,6016),(1411,1411,6237),(1412,1412,5303),(1413,1413,10592),(1414,1414,7024),(1415,1415,11793),(1416,1416,6001),(1417,1417,7735),(1418,1418,9406),(1419,1419,10977),(1420,1420,5100),(1421,1421,14578),(1422,1422,5364),(1423,1423,8984),(1424,1424,9002),(1425,1425,12909),(1426,1426,6827),(1427,1427,14681),(1428,1428,9318),(1429,1429,12523),(1430,1430,12257),(1431,1431,23906),(1432,1432,11825),(1433,1433,23458),(1434,1434,9619),(1435,1435,0),(1436,1436,0),(1437,1437,0),(1438,1438,0),(1439,1439,0),(1440,1440,0),(1441,1441,7492),(1442,1442,8005),(1443,1443,12048),(1444,1444,7383),(1445,1445,10413),(1446,1446,8151),(1447,1447,8295),(1448,1448,6542),(1449,1449,12929),(1450,1450,7763),(1451,1451,13678),(1452,1452,5879),(1453,1453,9700),(1454,1454,6339),(1455,1455,10720),(1456,1456,7782),(1457,1457,13674),(1458,1458,5161),(1459,1459,5388),(1460,1460,8536),(1461,1461,12766),(1462,1462,7680),(1463,1463,11773),(1464,1464,5083),(1465,1465,6747),(1466,1466,9859),(1467,1467,10898),(1468,1468,6689),(1469,1469,12284),(1470,1470,5936),(1471,1471,11346),(1472,1472,12725),(1473,1473,24246),(1474,1474,11984),(1475,1475,21902),(1476,1476,12010),(1477,1477,0),(1478,1478,0),(1479,1479,0),(1480,1480,0),(1481,1481,0),(1482,1482,0),(1483,1483,7144),(1484,1484,6461),(1485,1485,13978),(1486,1486,6272),(1487,1487,13947),(1488,1488,9540),(1489,1489,5036),(1490,1490,8040),(1491,1491,14605),(1492,1492,7521),(1493,1493,10320),(1494,1494,9056),(1495,1495,8778),(1496,1496,7709),(1497,1497,10800),(1498,1498,5030),(1499,1499,12782),(1500,1500,8356),(1501,1501,7972),(1502,1502,5121),(1503,1503,13562),(1504,1504,7706),(1505,1505,13495),(1506,1506,6425),(1507,1507,6891),(1508,1508,5315),(1509,1509,12693),(1510,1510,6415),(1511,1511,14702),(1512,1512,9135),(1513,1513,12994),(1514,1514,13790),(1515,1515,23857),(1516,1516,10005),(1517,1517,21632),(1518,1518,12827),(1519,1519,0),(1520,1520,0),(1521,1521,0),(1522,1522,0),(1523,1523,0),(1524,1524,0),(1525,1525,6172),(1526,1526,7802),(1527,1527,13468),(1528,1528,7328),(1529,1529,14222),(1530,1530,8807),(1531,1531,7200),(1532,1532,7105),(1533,1533,12668),(1534,1534,5075),(1535,1535,12616),(1536,1536,6839),(1537,1537,5349),(1538,1538,5412),(1539,1539,10794),(1540,1540,6430),(1541,1541,12081),(1542,1542,8799),(1543,1543,5308),(1544,1544,6340),(1545,1545,10347),(1546,1546,7360),(1547,1547,12621),(1548,1548,5071),(1549,1549,6356),(1550,1550,7082),(1551,1551,14577),(1552,1552,5860),(1553,1553,14228),(1554,1554,6815),(1555,1555,10557),(1556,1556,13861),(1557,1557,20405),(1558,1558,9988),(1559,1559,21013),(1560,1560,13648),(1561,1561,0),(1562,1562,0),(1563,1563,0),(1564,1564,0),(1565,1565,0),(1566,1566,0),(1567,1567,8772),(1568,1568,8548),(1569,1569,14335),(1570,1570,6908),(1571,1571,11058),(1572,1572,9688),(1573,1573,9439),(1574,1574,7470),(1575,1575,13813),(1576,1576,6511),(1577,1577,13129),(1578,1578,6611),(1579,1579,7353),(1580,1580,7753),(1581,1581,12475),(1582,1582,5180),(1583,1583,12228),(1584,1584,9416),(1585,1585,6300),(1586,1586,7101),(1587,1587,13181),(1588,1588,6229),(1589,1589,11445),(1590,1590,9017),(1591,1591,6802),(1592,1592,5832),(1593,1593,10783),(1594,1594,6687),(1595,1595,10061),(1596,1596,7823),(1597,1597,13343),(1598,1598,14854),(1599,1599,22445),(1600,1600,11624),(1601,1601,24026),(1602,1602,10413),(1603,1603,0),(1604,1604,0),(1605,1605,0),(1606,1606,0),(1607,1607,0),(1608,1608,0),(1609,1609,7567),(1610,1610,9007),(1611,1611,10341),(1612,1612,5926),(1613,1613,11908),(1614,1614,7841),(1615,1615,7008),(1616,1616,6252),(1617,1617,13946),(1618,1618,7299),(1619,1619,13873),(1620,1620,8533),(1621,1621,9960),(1622,1622,8182),(1623,1623,14583),(1624,1624,6270),(1625,1625,12054),(1626,1626,9797),(1627,1627,6215),(1628,1628,7474),(1629,1629,10095),(1630,1630,6614),(1631,1631,14799),(1632,1632,8187),(1633,1633,8187),(1634,1634,6882),(1635,1635,10118),(1636,1636,7475),(1637,1637,12241),(1638,1638,5120),(1639,1639,12740),(1640,1640,10940),(1641,1641,20448),(1642,1642,9945),(1643,1643,19840),(1644,1644,11543),(1645,1645,0),(1646,1646,0),(1647,1647,0),(1648,1648,0),(1649,1649,0),(1650,1650,0),(1651,1651,8961),(1652,1652,5433),(1653,1653,11139),(1654,1654,7772),(1655,1655,14952),(1656,1656,9717),(1657,1657,5032),(1658,1658,5419),(1659,1659,11412),(1660,1660,6647),(1661,1661,10611),(1662,1662,7788),(1663,1663,8884),(1664,1664,8059),(1665,1665,14061),(1666,1666,7603),(1667,1667,13313),(1668,1668,9909),(1669,1669,7933),(1670,1670,6654),(1671,1671,10862),(1672,1672,6425),(1673,1673,10451),(1674,1674,5328),(1675,1675,9650),(1676,1676,7741),(1677,1677,12256),(1678,1678,6795),(1679,1679,12427),(1680,1680,9322),(1681,1681,13235),(1682,1682,9739),(1683,1683,23449),(1684,1684,9815),(1685,1685,23637),(1686,1686,13930),(1687,1687,0),(1688,1688,0),(1689,1689,0),(1690,1690,0),(1691,1691,0),(1692,1692,0),(1693,1693,8956),(1694,1694,5871),(1695,1695,10193),(1696,1696,6989),(1697,1697,14893),(1698,1698,8559),(1699,1699,8127),(1700,1700,9438),(1701,1701,12172),(1702,1702,7644),(1703,1703,12639),(1704,1704,7049),(1705,1705,6587),(1706,1706,7690),(1707,1707,13465),(1708,1708,7403),(1709,1709,13492),(1710,1710,9513),(1711,1711,6276),(1712,1712,8753),(1713,1713,12573),(1714,1714,7495),(1715,1715,12047),(1716,1716,5906),(1717,1717,9742),(1718,1718,6422),(1719,1719,10406),(1720,1720,7573),(1721,1721,11212),(1722,1722,9913),(1723,1723,12625),(1724,1724,12158),(1725,1725,23293),(1726,1726,10968),(1727,1727,23431),(1728,1728,9961),(1729,1729,0),(1730,1730,0),(1731,1731,0),(1732,1732,0),(1733,1733,0),(1734,1734,0),(1735,1735,7809),(1736,1736,5436),(1737,1737,11989),(1738,1738,7333),(1739,1739,13564),(1740,1740,7059),(1741,1741,7607),(1742,1742,8045),(1743,1743,13958),(1744,1744,6081),(1745,1745,12414),(1746,1746,5540),(1747,1747,7412),(1748,1748,8603),(1749,1749,13050),(1750,1750,6795),(1751,1751,14570),(1752,1752,8790),(1753,1753,6406),(1754,1754,5932),(1755,1755,12634),(1756,1756,7729),(1757,1757,13628),(1758,1758,5426),(1759,1759,6836),(1760,1760,8072),(1761,1761,13649),(1762,1762,7499),(1763,1763,10194),(1764,1764,8254),(1765,1765,10821),(1766,1766,12437),(1767,1767,23766),(1768,1768,11455),(1769,1769,22391),(1770,1770,9244),(1771,1771,0),(1772,1772,0),(1773,1773,0),(1774,1774,0),(1775,1775,0),(1776,1776,0),(1777,1777,6102),(1778,1778,8989),(1779,1779,12786),(1780,1780,5369),(1781,1781,12446),(1782,1782,8529),(1783,1783,9772),(1784,1784,7669),(1785,1785,10171),(1786,1786,7292),(1787,1787,13915),(1788,1788,6787),(1789,1789,6647),(1790,1790,6781),(1791,1791,11000),(1792,1792,7831),(1793,1793,14240),(1794,1794,9147),(1795,1795,5832),(1796,1796,6360),(1797,1797,13081),(1798,1798,7485),(1799,1799,14520),(1800,1800,5780),(1801,1801,9266),(1802,1802,5899),(1803,1803,12938),(1804,1804,7201),(1805,1805,10029),(1806,1806,9160),(1807,1807,9045),(1808,1808,10769),(1809,1809,22170),(1810,1810,11992),(1811,1811,23073),(1812,1812,13691),(1813,1813,0),(1814,1814,0),(1815,1815,0),(1816,1816,0),(1817,1817,0),(1818,1818,0),(1819,1819,5989),(1820,1820,9236),(1821,1821,10426),(1822,1822,6817),(1823,1823,12281),(1824,1824,5765),(1825,1825,8741),(1826,1826,6949),(1827,1827,13185),(1828,1828,7843),(1829,1829,12952),(1830,1830,9919),(1831,1831,6546),(1832,1832,6031),(1833,1833,10034),(1834,1834,5449),(1835,1835,12089),(1836,1836,6577),(1837,1837,7909),(1838,1838,7831),(1839,1839,10117),(1840,1840,5030),(1841,1841,12730),(1842,1842,6931),(1843,1843,9445),(1844,1844,6394),(1845,1845,13778),(1846,1846,6129),(1847,1847,11521),(1848,1848,6949),(1849,1849,13280),(1850,1850,13562),(1851,1851,21460),(1852,1852,11503),(1853,1853,23286),(1854,1854,11443),(1855,1855,0),(1856,1856,0),(1857,1857,0),(1858,1858,0),(1859,1859,0),(1860,1860,0),(1861,1861,5713),(1862,1862,6347),(1863,1863,14815),(1864,1864,5905),(1865,1865,13727),(1866,1866,5010),(1867,1867,8165),(1868,1868,9389),(1869,1869,13116),(1870,1870,5479),(1871,1871,13826),(1872,1872,9076),(1873,1873,5273),(1874,1874,5584),(1875,1875,12553),(1876,1876,6971),(1877,1877,13019),(1878,1878,9005),(1879,1879,6050),(1880,1880,7203),(1881,1881,11463),(1882,1882,6582),(1883,1883,10121),(1884,1884,6333),(1885,1885,5143),(1886,1886,6639),(1887,1887,11819),(1888,1888,5012),(1889,1889,12347),(1890,1890,9996),(1891,1891,12984),(1892,1892,13877),(1893,1893,22537),(1894,1894,11912),(1895,1895,19965),(1896,1896,13610),(1897,1897,0),(1898,1898,0),(1899,1899,0),(1900,1900,0),(1901,1901,0),(1902,1902,0),(1903,1903,8896),(1904,1904,7315),(1905,1905,14208),(1906,1906,7592),(1907,1907,10467),(1908,1908,9480),(1909,1909,6450),(1910,1910,6900),(1911,1911,14934),(1912,1912,5186),(1913,1913,10398),(1914,1914,9956),(1915,1915,9034),(1916,1916,7797),(1917,1917,14558),(1918,1918,6603),(1919,1919,12665),(1920,1920,7170),(1921,1921,5127),(1922,1922,9172),(1923,1923,10493),(1924,1924,7782),(1925,1925,11133),(1926,1926,8272),(1927,1927,7448),(1928,1928,5141),(1929,1929,11095),(1930,1930,7347),(1931,1931,11207),(1932,1932,8934),(1933,1933,12882),(1934,1934,15357),(1935,1935,23158),(1936,1936,9589),(1937,1937,24713),(1938,1938,13447),(1939,1939,0),(1940,1940,0),(1941,1941,0),(1942,1942,0),(1943,1943,0),(1944,1944,0),(1945,1945,7272),(1946,1946,5214),(1947,1947,14468),(1948,1948,6550),(1949,1949,10972),(1950,1950,6684),(1951,1951,7697),(1952,1952,8271),(1953,1953,14377),(1954,1954,7992),(1955,1955,13096),(1956,1956,8086),(1957,1957,9648),(1958,1958,5886),(1959,1959,12278),(1960,1960,6254),(1961,1961,10955),(1962,1962,8374),(1963,1963,6409),(1964,1964,5459),(1965,1965,10522),(1966,1966,6331),(1967,1967,11577),(1968,1968,9840),(1969,1969,5266),(1970,1970,6378),(1971,1971,14497),(1972,1972,5285),(1973,1973,14663),(1974,1974,5514),(1975,1975,15823),(1976,1976,12034),(1977,1977,22537),(1978,1978,12142),(1979,1979,20579),(1980,1980,10700),(1981,1981,0),(1982,1982,0),(1983,1983,0),(1984,1984,0),(1985,1985,0),(1986,1986,0),(1987,1987,9215),(1988,1988,6379),(1989,1989,13226),(1990,1990,5592),(1991,1991,14287),(1992,1992,6792),(1993,1993,8509),(1994,1994,6169),(1995,1995,14800),(1996,1996,5658),(1997,1997,12453),(1998,1998,5531),(1999,1999,8714),(2000,2000,7174),(2001,2001,13579),(2002,2002,7737),(2003,2003,12260),(2004,2004,9403),(2005,2005,8746),(2006,2006,8171),(2007,2007,12653),(2008,2008,5762),(2009,2009,12553),(2010,2010,9208),(2011,2011,7374),(2012,2012,7546),(2013,2013,11017),(2014,2014,6591),(2015,2015,10761),(2016,2016,7343),(2017,2017,9475),(2018,2018,13483),(2019,2019,20279),(2020,2020,10687),(2021,2021,20113),(2022,2022,9288),(2023,2023,0),(2024,2024,0),(2025,2025,0),(2026,2026,0),(2027,2027,0),(2028,2028,0),(2029,2029,8787),(2030,2030,5610),(2031,2031,12696),(2032,2032,6438),(2033,2033,12765),(2034,2034,6233),(2035,2035,6362),(2036,2036,8644),(2037,2037,11512),(2038,2038,5175),(2039,2039,10904),(2040,2040,7025),(2041,2041,6158),(2042,2042,6757),(2043,2043,10501),(2044,2044,6968),(2045,2045,11525),(2046,2046,7018),(2047,2047,5099),(2048,2048,6917),(2049,2049,13659),(2050,2050,6548),(2051,2051,10745),(2052,2052,6175),(2053,2053,5269),(2054,2054,7705),(2055,2055,14069),(2056,2056,5235),(2057,2057,11589),(2058,2058,9217),(2059,2059,13054),(2060,2060,14330),(2061,2061,20710),(2062,2062,12045),(2063,2063,23277),(2064,2064,14187),(2065,2065,0),(2066,2066,0),(2067,2067,0),(2068,2068,0),(2069,2069,0),(2070,2070,0),(2071,2071,9950),(2072,2072,8230),(2073,2073,14417),(2074,2074,5429),(2075,2075,12684),(2076,2076,6000),(2077,2077,6045),(2078,2078,8635),(2079,2079,13059),(2080,2080,6884),(2081,2081,10499),(2082,2082,7506),(2083,2083,9351),(2084,2084,7741),(2085,2085,12573),(2086,2086,6706),(2087,2087,13952),(2088,2088,5586),(2089,2089,7339),(2090,2090,9938),(2091,2091,12388),(2092,2092,6279),(2093,2093,14834),(2094,2094,8963),(2095,2095,9977),(2096,2096,9706),(2097,2097,14073),(2098,2098,5536),(2099,2099,10273),(2100,2100,8030),(2101,2101,15490),(2102,2102,11133),(2103,2103,21847),(2104,2104,12535),(2105,2105,22677),(2106,2106,10565),(2107,2107,0),(2108,2108,0),(2109,2109,0),(2110,2110,0),(2111,2111,0),(2112,2112,0),(2113,2113,5380),(2114,2114,7594),(2115,2115,13923),(2116,2116,6246),(2117,2117,14000),(2118,2118,6128),(2119,2119,6616),(2120,2120,9261),(2121,2121,11766),(2122,2122,5309),(2123,2123,14352),(2124,2124,6084),(2125,2125,8234),(2126,2126,8579),(2127,2127,10216),(2128,2128,6287),(2129,2129,11339),(2130,2130,7962),(2131,2131,6239),(2132,2132,5603),(2133,2133,13326),(2134,2134,5628),(2135,2135,13760),(2136,2136,5024),(2137,2137,9923),(2138,2138,8553),(2139,2139,12067),(2140,2140,6587),(2141,2141,14571),(2142,2142,7266),(2143,2143,11567),(2144,2144,15134),(2145,2145,20598),(2146,2146,9966),(2147,2147,22863),(2148,2148,11038),(2149,2149,0),(2150,2150,0),(2151,2151,0),(2152,2152,0),(2153,2153,0),(2154,2154,0),(2155,2155,6369),(2156,2156,9752),(2157,2157,12202),(2158,2158,5582),(2159,2159,12943),(2160,2160,8507),(2161,2161,9259),(2162,2162,5101),(2163,2163,11244),(2164,2164,7421),(2165,2165,12397),(2166,2166,7002),(2167,2167,8250),(2168,2168,5245),(2169,2169,14090),(2170,2170,7712),(2171,2171,12365),(2172,2172,9034),(2173,2173,5896),(2174,2174,5575),(2175,2175,14455),(2176,2176,7184),(2177,2177,11293),(2178,2178,5826),(2179,2179,5887),(2180,2180,5596),(2181,2181,14981),(2182,2182,7127),(2183,2183,10328),(2184,2184,8467),(2185,2185,11546),(2186,2186,13345),(2187,2187,21651),(2188,2188,10777),(2189,2189,22641),(2190,2190,10775),(2191,2191,0),(2192,2192,0),(2193,2193,0),(2194,2194,0),(2195,2195,0),(2196,2196,0);
/*!40000 ALTER TABLE `f_visits` ENABLE KEYS */;
UNLOCK TABLES;
/*!40103 SET TIME_ZONE=@OLD_TIME_ZONE */;

/*!40101 SET SQL_MODE=@OLD_SQL_MODE */;
/*!40014 SET FOREIGN_KEY_CHECKS=@OLD_FOREIGN_KEY_CHECKS */;
/*!40014 SET UNIQUE_CHECKS=@OLD_UNIQUE_CHECKS */;
/*!40101 SET CHARACTER_SET_CLIENT=@OLD_CHARACTER_SET_CLIENT */;
/*!40101 SET CHARACTER_SET_RESULTS=@OLD_CHARACTER_SET_RESULTS */;
/*!40101 SET COLLATION_CONNECTION=@OLD_COLLATION_CONNECTION */;
/*!40111 SET SQL_NOTES=@OLD_SQL_NOTES */;

-- Dump completed on 2019-05-23 20:19:26
